Text,Keywords,Sentiment
Mate60遥遥领先#遥遥领先式出圈,"['遥遥领先', '出圈', 'Mate60']","[0.25725769996643066, 0.7427423000335693]"
终于抢到了，还以为今天又陪跑了在华为商城抢不到，没想到京东抢到了，我妹妹也特别厉害，抢到了青色，虽然颜色也不错，但是不是最理想的那个机型，只能含泪退款了,"['抢到', '退款', '华为', '京东', '含泪']","[0.247580423951149, 0.7524195909500122]"
这手机拍照不太行啊,"['太行', '拍照', '手机']","[0.2585001587867737, 0.7414997816085815]"
遙遙領先～～今天10.準時,"['遙遙', '領先', '10', '準時', '今天']","[0.2489197850227356, 0.7510801553726196]"
60pro，紫色怎么样？有在用紫色的朋友吗？华为店里通知我到货一台紫色，不知道好不好看？,"['紫色', '60pro', '到货', '华为', '好不好']","[0.2737601697444916, 0.726239800453186]"
别人是遥遥领先，我是遥遥无期,"['遥遥无期', '遥遥领先', '别人']","[0.2671512961387634, 0.7328487634658813]"
Pro512白沙银四川终于发货,"['Pro512', '发货', '白沙', '四川', '终于']","[0.27048999071121216, 0.7295100092887878]"
华为mate40p到现在已经三年时间了，放在今天来看依旧是颜值巅峰，估计现现在还留存着大量的mate40用户吧。从荣耀v10接触华为手机，后面p40promate40pro。光是mate40pro我自己两年多时间就用了三部（因为漂亮国的原因，华为后续的旗舰都差点意思）。mate60系列携麒麟归来，我想我又能修到大量的mate展开c,"['华为', 'mate40p', '颜值', 'mate40', 'v10']","[0.31310784816741943, 0.6868921518325806]"
华为mate40p到现在已经三年时间了，放在今天来看依旧是颜值巅峰，估计现现在还留存着大量的mate40用户吧。从荣耀v10接触华为手机，后面p40promate40pro。光是mate40pro我自己两年多时间就用了三部（因为漂亮国的原因，华为后续的旗舰都差点意思）。mate60系列携麒麟归来，我想我又能修到大量的mate旗舰了华为2重庆收起d,"['华为', '旗舰', 'mate40p', '颜值', 'mate40']","[0.32577428221702576, 0.6742256879806519]"
Mate60遥遥领先#,"['Mate60', '遥遥领先']","[0.3059808909893036, 0.6940191388130188]"
遥遥领先,['遥遥领先'],"[0.20758002996444702, 0.7924199104309082]"
2保定·保定学院,"['保定', '学院']","[0.2943718731403351, 0.7056280970573425]"
猫猫有多可爱，不用我多说吧，看看系列手机拍摄的这些萌猫照片，每一张都俏皮可爱，萌动人心。？来看看我的相册吧！,"['可爱', '萌猫', '猫猫', '萌动', '看看']","[0.23692686855793, 0.7630731463432312]"
这个秋天的美好，不只落叶给的，还有猫猫给的！用Pro抓住猫猫的各种可爱瞬间，和猫猫一起软萌入秋！一起感受下,"['猫猫', 'Pro', '软萌', '入秋', '一起']","[0.2147749364376068, 0.7852250337600708]"
不好意思，领先一步ps：一个多月前的手机壳终于用上了,"['ps', '一个多月', '不好意思', '领先', '手机']","[0.26359862089157104, 0.736401379108429]"
华为MATE60上的昆仑玻璃，凭什么可以站在C位？L小喃来了探索版的微博视频,"['MATE60', '小喃来', '微博', '华为', '昆仑']","[0.26491308212280273, 0.735086977481842]"
打不过，就加入,"['加入', '不过']","[0.24493198096752167, 0.7550680041313171]"
慕士塔格峰下的守候华为Mate60pro拍摄很多人去看慕士塔格峰都会选在喀拉库勒湖。但其实我更推荐在喀拉库勒湖前1km左右的湿地去拍摄，那里人少，另外一方面前景的选择也是很多的。这次提前拿到Mate60pro来这里拍摄，给了我很大的惊喜，影像方面特别是色彩这块有了很大的提高。展开c,"['库勒湖', '慕士塔格峰', 'Mate60pro', '拍摄', '喀拉']","[0.24601143598556519, 0.7539886236190796]"
慕士塔格峰下的守候华为Mate60pro拍摄很多人去看慕士塔格峰都会选在喀拉库勒湖。但其实我更推荐在喀拉库勒湖前1km左右的湿地去拍摄，那里人少，另外一方面前景的选择也是很多的。这次提前拿到Mate60pro来这里拍摄，给了我很大的惊喜，影像方面特别是色彩这块有了很大的提高。@微博手机影像年收起d,"['库勒湖', '慕士塔格峰', 'Mate60pro', '拍摄', '喀拉']","[0.2602006196975708, 0.7397993803024292]"
纤毫毕现，萌态可掬。拿起系列，轻松捕捉萌宠的可爱瞬间，用镜头记录每个温情陪伴画面。2邢台,"['萌态', '可掬', '萌宠', '纤毫', '毕现']","[0.3067466616630554, 0.6932533383369446]"
抢不到一点，被活活气死，好几个平台都一个时间点……这不就是等黄牛抢的吗？？？？？,"['气死', '黄牛', '活活', '好几个', '平台']","[0.2785227298736572, 0.7214773297309875]"
没抢到啊啊啊啊！,['啊啊啊'],"[0.29107666015625, 0.7089232802391052]"
遥遥领先你妈啊,['遥遥领先'],"[0.2793046236038208, 0.7206953763961792]"
不可思议，mate60从头到脚90%的元器件都是国产！不管是从屏幕到芯片，还是细致到一些小零部件，华为能用国产的地方通通用国产。目前唯一还没有彻底解决的技术可能就是相机主摄还要用索尼或者三星的，其他技术堡垒基本上已经被我们国产厂商攻破了。你可以说mate60这台手机有啥缺点，但是你如果去黑展开c,"['国产', 'mate60', '90%', '主摄', '从头到脚']","[0.336971253156662, 0.6630287766456604]"
不可思议，mate60从头到脚90%的元器件都是国产！不管是从屏幕到芯片，还是细致到一些小零部件，华为能用国产的地方通通用国产。目前唯一还没有彻底解决的技术可能就是相机主摄还要用索尼或者三星的，其他技术堡垒基本上已经被我们国产厂商攻破了。你可以说mate60这台手机有啥缺点，但是你如果去黑它确实就不厚道了。收起d,"['国产', 'mate60', '90%', '主摄', '厚道']","[0.2646270990371704, 0.7353729605674744]"
▌|@华为终端PixLabV1和PixLabX1，你的打印伴侣！多种设备轻松打印，只需简单操作，省时又省心。🔘Pro13.2：一拉一拽，打印超快；🔘XPro：自动弹窗，一“印”俱全；🔘Pro+：随时随地，想印就印。📍智能展开c,"['打印', 'PixLabV1', 'PixLabX1', 'Pro13.2', '一拉一']","[0.233107790350914, 0.7668921947479248]"
▌|@华为终端PixLabV1和PixLabX1，你的打印伴侣！多种设备轻松打印，只需简单操作，省时又省心。🔘Pro13.2：一拉一拽，打印超快；🔘XPro：自动弹窗，一“印”俱全；🔘Pro+：随时随地，想印就印。📍智能定位1F具体信息请详询店内收起d,"['打印', 'PixLabV1', 'PixLabX1', 'Pro13.2', '一拉一']","[0.24752631783485413, 0.7524736523628235]"
教程｜Mate60的摄像头8大隐藏玩法！学会效率UP！💥1️⃣表格扫描：能把纸制表格瞬间还原为电子版，正确率喜人！非常强👍💥2️⃣语言翻译：翻译的字会直接呈现在识别的图片上。英翻中，准确率颇高。日翻中还差强人意。其他语言希望有小伙伴评论区给个参考，感谢🙏3️⃣文档扫描：基础功能不展开c,"['表格', '扫描', '翻译', '正确率', '语言']","[0.34433072805404663, 0.6556692719459534]"
教程｜Mate60的摄像头8大隐藏玩法！学会效率UP！💥1️⃣表格扫描：能把纸制表格瞬间还原为电子版，正确率喜人！非常强👍💥2️⃣语言翻译：翻译的字会直接呈现在识别的图片上。英翻中，准确率颇高。日翻中还差强人意。其他语言希望有小伙伴评论区给个参考，感谢🙏3️⃣文档扫描：基础功能不多讲4️⃣身份证正反面自动拼图：特别适合整天面对信息登记的工作人员！特别棒！💥5️⃣识物：目前对动物植物生活用品识别均不错💥6️⃣查物价：比价省钱利器！请多多使用！💥7️⃣试卷还原：不仅试卷，实测手写文件均能去掉手写部分！推荐家长老师试试此功能8️⃣卡路里计算：逛超市的时候用，从源头解决热量摄入问题（还能进一步省钱）-以上8大隐藏功能！你心仪哪一个呢？2北京L田大官人的微博视频收起d,"['手写', '试卷', '省钱', '表格', '扫描']","[0.3509750962257385, 0.6490249037742615]"
再显摆一下我的遥遥领先,"['显摆', '遥遥领先', '一下']","[0.24640978872776031, 0.7535901665687561]"
Mate60Pro的色彩呈现和各焦段画质表现还是很稳定的[强]@华为终端公司@李昌竹2酒泉·中国金塔沙漠胡杨林景区,"['Mate60Pro', '焦段', '画质', '李昌竹', '金塔']","[0.2666896879673004, 0.733310341835022]"
大哥给安排的遥遥领先真香,"['真香', '遥遥领先', '大哥', '安排']","[0.27040138840675354, 0.7295985817909241]"
华为L数码恒星小北的微博视频,"['小北', '微博', '华为', '数码', '视频']","[0.26114657521247864, 0.7388534545898438]"
仨照片仨颜色,"['照片', '颜色']","[0.315934956073761, 0.6840651035308838]"
发布了头条文章：《华为Mate60系列爆火：计划在2024年出货量翻倍，增至7000万部》O华为Mate60系列爆火：计划在2024年出货量翻倍，增至7000万部,"['Mate60', '爆火', '2024', '7000', '万部']","[0.23211683332920074, 0.7678831219673157]"
发布了头条文章：《华为辟谣！网传“华为发布声明拒绝富士康代工请求”为谣言》O华为辟谣！网传“华为发布声明拒绝富士康代工请求”为谣言,"['华为', '网传', '富士康', '辟谣', '代工']","[0.2639077305793762, 0.736092209815979]"
抢了一天没抢到,['一天'],"[0.24982735514640808, 0.7501726746559143]"
轻舟已过万重山。不当快男，全力支持，遥遥领先2成都·魅KTV(仁和春天店),"['万重山', 'KTV', '轻舟', '仁和', '全力支持']","[0.25920042395591736, 0.7407995462417603]"
十一年🍎用户一朝转身忽然想起前些年告别的橘色虾米就留一些不舍给那些美好体验吧,"['橘色', '虾米', '不舍', '前些年', '一朝']","[0.33441275358200073, 0.6655872464179993]"
难得亲近自然，一路mate相伴。,"['mate', '相伴', '亲近', '难得', '一路']","[0.19225162267684937, 0.8077483773231506]"
#我家宠物好可爱,"['宠物', '可爱', '我家']","[0.20870131254196167, 0.7912986874580383]"
申购订单不按顺序发货，在恶心人方面也是遥遥领先呢,"['发货', '遥遥领先', '恶心', '顺序', '订单']","[0.26824629306793213, 0.7317537069320679]"
2百色·平果,"['平果', '百色']","[0.39158084988594055, 0.6084191203117371]"
孩子疯了抢手机抢不到我呜呜呜呜6splus已经经受不住了华为华为mate60,"['华为', '呜呜', '6splus', 'mate60', '经受']","[0.29222702980041504, 0.7077730298042297]"
最近天气不错晒晒搭配黑镜Prop镜盖支架壳金属镜盖，质感与手感俱在搭配磁吸充电宝，户外游玩续航满分,"['镜盖', '搭配', '晒晒', '黑镜', 'Prop']","[0.31284022331237793, 0.6871598362922668]"
华为mate60紫色生图咱就是说就喜欢就讲究生图直出,"['生图', 'mate60', '直出', '华为', '紫色']","[0.30379733443260193, 0.6962026357650757]"
等了一个月的花花，果赖…遥遥领先,"['果赖', '花花', '遥遥领先', '一个月']","[0.23072399199008942, 0.7692760229110718]"
有传言日本研究揭示：华为麒麟9000s并非7纳米制程。那技术酒精是几纳米？华为,"['华为', '纳米', '制程', '9000s', '麒麟']","[0.2532952129840851, 0.7467048168182373]"
【】从供应链多个信源处获悉，华为Mate60全系列和2024年的P70，搭载屏下光学指纹模组。目前供货华为M60系列产品的屏下光学指纹模组供应商相关产品已提价15%-20%，部分型号提价30%。构成屏下光学指纹模组的核心部件是屏下光学指纹芯片。综合公展开c,"['屏下', '指纹', '模组', '光学', '华为']","[0.24776782095432281, 0.7522322535514832]"
【】从供应链多个信源处获悉，华为Mate60全系列和2024年的P70，搭载屏下光学指纹模组。目前供货华为M60系列产品的屏下光学指纹模组供应商相关产品已提价15%-20%，部分型号提价30%。构成屏下光学指纹模组的核心部件是屏下光学指纹芯片。综合公开消息和供应链独家消息，汇顶科技兆易创新(思立微)和韦尔科技(极豪科技)是华为M60系列屏下指纹芯片主要供应商。L泰山财经的微博视频收起d,"['屏下', '指纹', '模组', '光学', '华为']","[0.2713630795478821, 0.7286369204521179]"
华为mate60后壳到底什么材质？L在微博的丧失的微博视频,"['微博', 'mate60', '后壳', '华为', '材质']","[0.31754422187805176, 0.6824557781219482]"
遥遥领先出mate6012+512全新未拆封,"['mate6012', '512', '拆封', '遥遥领先', '全新']","[0.30577149987220764, 0.69422847032547]"
42天的坚持不懈，换来了遥遥领先……,"['42', '坚持不懈', '遥遥领先', '换来']","[0.26300328969955444, 0.7369967103004456]"
用剪映和扫描全能王时卡顿死机闪退了，其他人也这样吗？,"['死机', '剪映', '全能王', '时卡顿', '闪退']","[0.2666001319885254, 0.7333998084068298]"
东哥你待我不薄啊能不能再给我发个RS2北京·中国石油大学(北京),"['东哥', 'RS2', '石油大学', '给我发', '北京']","[0.27322185039520264, 0.7267780900001526]"
梦中情机,"['情机', '梦中']","[0.23127543926239014, 0.7687246203422546]"
吃饱饱，睡觉觉2湛江,"['睡觉觉', '饱饱', '湛江']","[0.26446008682250977, 0.735539972782135]"
华为真有意思，下线说可能要等2个月，线上每天都是这个情况，别说什么支持国产了，没意思。,"['华为', '下线', '没意思', '线上', '有意思']","[0.319810152053833, 0.680189847946167]"
每日打卡，陪跑的一天！,"['打卡', '每日', '一天']","[0.22681094706058502, 0.7731890678405762]"
萌宠神器2汕头,"['萌宠', '神器', '汕头']","[0.27607211470603943, 0.7239278554916382]"
随手拍微博十月十日卖萌日，你的萌态小猫请查收。来看看系列镜头下猫咪的可爱瞬间。全焦段超清影像，记录萌宠们的“萌”动时光。L华为终端公司的微博视频,"['猫咪', '查收', '拍微博', '十月十日', '卖萌日']","[0.2898648977279663, 0.7101351022720337]"
查体，CTA冠脉造影。2衡水·哈励逊国际和平医院(南部新院区),"['和平医院', 'CTA', '哈励', '查体', '院区']","[0.27114343643188477, 0.7288565635681152]"
看了华为迪拜发布会，我才终于知道，为什么mate60不显示5G…华为mate60华为mate60L饭团先生在开车的微博视频,"['华为', 'mate60', '5G', 'mate60L', '微博']","[0.24465356767177582, 0.7553463578224182]"
这真的是110先！110先！,"['110', '真的']","[0.25715523958206177, 0.7428447604179382]"
显微镜老板突然半夜坐起来：不是，华为他有病吧，隔了八竿子的行业也要敲我一棍？,"['竿子', '一棍', '华为', '显微镜', '半夜']","[0.3216744363307953, 0.6783255338668823]"
小组件的目前状态是信息展示到可简单交互的过渡期，下一步是设计方案会变成自适应状态可变小组件，也就是说，根据你的习惯来改变一个小组件不同时间地点的功能。比如睡眠小组件，早上信息展示昨晚睡眠质量，然后中午提醒午休，晚上睡前变助眠音乐杂七杂八的。华为有在做，可是实在只有一个尖尖看到趋展开c,"['小组', '睡眠', '展示', '变助眠', '尖尖']","[0.3642846941947937, 0.6357153058052063]"
小组件的目前状态是信息展示到可简单交互的过渡期，下一步是设计方案会变成自适应状态可变小组件，也就是说，根据你的习惯来改变一个小组件不同时间地点的功能。比如睡眠小组件，早上信息展示昨晚睡眠质量，然后中午提醒午休，晚上睡前变助眠音乐杂七杂八的。华为有在做，可是实在只有一个尖尖看到趋势可没细做，还是遥遥无期。苹果反倒是没有这么做，我很意外。苹果华为收起d,"['小组', '华为', '睡眠', '苹果', '展示']","[0.33972418308258057, 0.6602758765220642]"
公园里的流浪猫举止投足彰显彰显霸气🐱ByMate60pro+,"['彰显', '投足', 'ByMate60pro', '霸气', '流浪']","[0.24429233372211456, 0.7557076215744019]"
一大晚回来，就收到了华为寄来的Mate60Pro！雅川青，山川河流的色彩，泰酷辣！感谢华为，感谢华为广东，感谢华为揭阳！@华为手机@华为终端2深圳,"['华为', '感谢', 'Mate60Pro', '雅川青', '泰酷']","[0.24376146495342255, 0.756238579750061]"
差一个非凡大师,"['非凡', '大师', '一个']","[0.29712140560150146, 0.7028785347938538]"
刚刚才发现Pro可以带壳截图,"['Pro', '带壳', '截图', '刚刚', '发现']","[0.2948344647884369, 0.7051655650138855]"
遥遥领先了,['遥遥领先'],"[0.2762751877307892, 0.7237247824668884]"
华为Mate60Pro石门森林公园风景随拍！华为手机@华为手机@华为中国@南宁市文化广电和旅游局@奥丁Asgard2南宁·南宁市石门森林公园,"['华为', '南宁市', '森林公园', '石门', '奥丁']","[0.28444546461105347, 0.7155545353889465]"
小夏送的新手机支持国货,"['小夏送', '国货', '新手机', '支持']","[0.25536251068115234, 0.7446374893188477]"
十月十日卖萌日，你的萌态小猫请查收。来看看系列镜头下猫咪的可爱瞬间。全焦段超清影像，记录萌宠们的“萌”动时光。@华为手机L华为手机的微博视频,"['华为', '猫咪', '查收', '手机', '十月十日']","[0.2810550332069397, 0.7189449667930603]"
在草丛里拍的虫子，mate60p长焦微距很好玩啊,"['mate60p', '长焦', '微距', '草丛里', '虫子']","[0.2560420036315918, 0.7439579963684082]"
被像素打败的一天！逛个淘宝都能给我卡出来！真棒,"['真棒', '逛个', '像素', '淘宝', '打败']","[0.22871597111225128, 0.7712839841842651]"
华为概念发布时，提示华为概念可能是本轮牛市热点，除了上涨，似乎没有其它路可走。,"['华为', '概念', '本轮', '牛市', '提示']","[0.22952383756637573, 0.7704761624336243]"
新旧交接遥遥领先,"['新旧交接', '遥遥领先']","[0.21234074234962463, 0.787659227848053]"
华为主题我的菜！！！！,"['华为', '主题']","[0.27538225054740906, 0.7246177792549133]"
被琪琪遥遥领先的huawei震撼力2上海·上海中医药大学,"['琪琪', '中医药大学', 'huawei', '震撼力', '遥遥领先']","[0.2768249213695526, 0.723175048828125]"
曾经有份大奖摆在我眼前，而我差点错过！幸好我眼疾手快，喜大普奔！,"['喜大普奔', '眼疾手快', '幸好', '大奖', '错过']","[0.18249168992042542, 0.8175082802772522]"
10月9-10日，华为抢购攻略已备好，旗舰新品随心搭配，口碑爆款限时优惠。全店至高优惠2000元享12期分期免息，更有千元大额券限时抢。快来属于华为的双十一选购系列和它的好拍档吧。,"['10', '限时', '华为', '优惠', '已备']","[0.2253376841545105, 0.7746623754501343]"
卫星通话，纵横山海！10月9-10日，华为抢购攻略已备好，旗舰新品随心搭配，口碑爆款限时优惠。全店至高优惠2000元享12期分期免息，更有千元大额券限时抢。快来属于华为的双十一选购系列和它的好拍档吧。,"['10', '限时', '华为', '优惠', '已备']","[0.23193511366844177, 0.7680648565292358]"
苹果手机查不了高中学考分数家长给孩子配手机提醒！,"['手机', '分数', '家长', '苹果', '中学']","[0.1592824012041092, 0.840717613697052]"
没事出去走走发现世间的美丽景色,"['走走', '世间', '景色', '没事', '美丽']","[0.24727122485637665, 0.7527287602424622]"
想买遥遥领先，现在是mate60512G+freebuds5至臻版=6999，合适嘛？,"['mate60512G', 'freebuds5', '至臻版', '6999', '遥遥领先']","[0.22887469828128815, 0.771125316619873]"
华为mate60我不是很理解我用的包装盒里带的昨天还是好好的今天突然显示不是原装的数据线,"['数据线', 'mate60', '我用', '包装盒', '原装']","[0.31395232677459717, 0.6860476732254028]"
9月初华为mate30Pro充电爆炸了没拆过机没修过返厂了华为也认可了床壁纸都被烧了手也烫伤了幸好手机在身边差点家都被点了联系客服一个月手机折旧抵3000家里损失和身体损伤华为高级客户经理的答复是申请一个礼品（66W充电器）呵呵折旧3000补差价换mate60pro一个月手机“遥遥无期”展开c,"['华为', '3000', '折旧', '手机', '一个月']","[0.30115869641304016, 0.6988413333892822]"
9月初华为mate30Pro充电爆炸了没拆过机没修过返厂了华为也认可了床壁纸都被烧了手也烫伤了幸好手机在身边差点家都被点了联系客服一个月手机折旧抵3000家里损失和身体损伤华为高级客户经理的答复是申请一个礼品（66W充电器）呵呵折旧3000补差价换mate60pro一个月手机“遥遥无期”跟华为的“遥遥领先”简直天壤之别我的手机数据恢复还是不能恢复迟迟没有答复华为的这顿操作真是让人寒心！！华为@华为中国@华为手机@人民日报@新华网@央视新闻@新京报@澎湃新闻收起d,"['华为', '手机', '3000', '折旧', '答复']","[0.311082124710083, 0.6889178156852722]"
华为某群友首批到手的非凡大师瑞红，卖出去两台的价格。宝贝挂网上都没能撑过一天与此相对的，玄黑行情则是1.8。同一款机型的不同配色差价如此之高，真是闻所未闻,"['群友', '撑过', '瑞红', '玄黑', '1.8']","[0.31775835156440735, 0.682241678237915]"
华为，全店至高优惠2000元享12期分期免息，更有千元大额券限时抢。点击下图查收攻略，一起选购系列和TA的好拍档吧！,"['查收', '全店', '2000', '元享', '12']","[0.21288485825061798, 0.7871151566505432]"
10月9日-10月10日，华为，全店至高优惠2000元享12期分期免息，更有千元大额券限时抢。点击下图查收攻略，一起选购系列和TA的好拍档吧！,"['10', '查收', '全店', '2000', '元享']","[0.21364334225654602, 0.7863566279411316]"
华为Mate60系列热销，在意料之中吧。首先三年了5G的华为终于回来了还带着超线程，卫星电话等等功能回来，不过我想说如果注重拍照还是要等等，毕竟麒麟9000S虽然来了，但是CMOS还是用的OV，要磨合期吧。所以抢不到或者是Mate50RS或者p60pro才是暂时的选择。数码趣多多的专属圈子展开c,"['华为', 'Mate60', '5G', '超线程', '卫星电话']","[0.3544251620769501, 0.6455748677253723]"
华为Mate60系列热销，在意料之中吧。首先三年了5G的华为终于回来了还带着超线程，卫星电话等等功能回来，不过我想说如果注重拍照还是要等等，毕竟麒麟9000S虽然来了，但是CMOS还是用的OV，要磨合期吧。所以抢不到或者是Mate50RS或者p60pro才是暂时的选择。数码趣多多的专属圈子华为收起d,"['华为', 'Mate60', '5G', '超线程', '卫星电话']","[0.33460450172424316, 0.6653954982757568]"
Pro这个轻舟已过万重山的彩蛋变了，变成聚力新生版了L董小驴说数码的微博视频,"['万重山', '小驴', 'Pro', '彩蛋', '聚力']","[0.2684675455093384, 0.7315323948860168]"
这波必须感谢好老婆的京东会员了，我抢了一个多月没抢到，老婆第二次抢就抢到了哈哈哈哈。,"['老婆', '这波', '京东', '哈哈哈哈', '一个多月']","[0.2416934370994568, 0.7583065629005432]"
我这不过分吧,['不过'],"[0.29292652010917664, 0.707073450088501]"
欧菲光推出感知系统解决方案，包括前视8M双目摄像头模组， 5颗周视后视8M摄像头， 4颗环视3M摄像头， 1颗DMSToF摄像头， 1颗前向数字式4D毫米波雷达， 5颗多模式角环绕雷达， 1组纯固态激光雷达组合，为实现智能汽车更高阶段的自动驾驶提供助力。公司车载业务的核心竞争力是提供系统级解决方案的能力展开c,"['摄像头', '8M', '解决方案', '雷达', '后视']","[0.2049168050289154, 0.795083224773407]"
欧菲光推出感知系统解决方案，包括前视8M双目摄像头模组， 5颗周视后视8M摄像头， 4颗环视3M摄像头， 1颗DMSToF摄像头， 1颗前向数字式4D毫米波雷达， 5颗多模式角环绕雷达， 1组纯固态激光雷达组合，为实现智能汽车更高阶段的自动驾驶提供助力。公司车载业务的核心竞争力是提供系统级解决方案的能力。欧菲光sz002456收起d,"['摄像头', '欧菲光', '8M', '解决方案', '雷达']","[0.3427560031414032, 0.6572439670562744]"
电子茅台，遥遥领先！,"['遥遥领先', '茅台', '电子']","[0.23183806240558624, 0.768161952495575]"
来广东打卡遥遥领先粤影河山影像征集华为Mate60华为影像XMAGE#2佛山,"['华为', '影像', '打卡', '粤影', 'Mate60']","[0.25528642535209656, 0.7447136044502258]"
📢华为Mate60Pro率先登陆玖鼎！🚀玖鼎速度，遥遥领先😑玖鼎服务，遥遥领先❤️玖鼎会员，遥遥领先快使用会员积分，遥遥领先拥有Mate60Pro！L玖鼎Group的微博视频,"['遥遥领先', 'Mate60Pro', '会员', 'Group', '微博']","[0.2740400731563568, 0.7259599566459656]"
沈阳大连鞍山华为mate60pro青色512G到货谁拿大连鞍山,"['鞍山', '大连', 'mate60pro', '512G', '到货']","[0.2838812470436096, 0.7161187529563904]"
在国庆期间户外旅行，可以体验Mate60“遥遥领先的户外神器，不管是户外风景音乐节远景，长焦拍摄距离多远都能轻松应对，卫星通话功能更是户外必备~#华为HOTD,"['户外', 'Mate60', '长焦', 'HOTD', '音乐节']","[0.2566221356391907, 0.7433778643608093]"
mate60这个续航确实是遥遥领先了,"['mate60', '续航', '遥遥领先', '确实', '这个']","[0.25810688734054565, 0.7418930530548096]"
远赴人间惊鸿宴，一睹人间盛世颜！登顶的快乐；一方面是视觉给的，另一方面是心灵给的；但归根结底还是内心的满足。YYDS!远赴老君山，只为目睹这惊鸿一瞥！,"['人间', 'YYDS', '惊鸿一瞥', '登顶', '惊鸿']","[0.3120519816875458, 0.6879479885101318]"
中秋国庆好去处，快来佛山祖庙和欢乐海岸打卡啦，参与景区影像美图投稿，还有机会赢取华为Mate60Pro+等好礼哦~,"['打卡', 'Mate60Pro', '赢取', '祖庙', '投稿']","[0.3022729158401489, 0.6977270841598511]"
华为mate60华为mate6012+512，紫色有人要吗,"['华为', 'mate60', 'mate6012', '512', '紫色']","[0.3269118368625641, 0.6730881929397583]"
平时我很喜欢去野外旅游探险，那边通常都没有信号，但是有了Mate60，就算没有信号，也能通过卫星功能给家里人报平安,"['信号', '报平安', 'Mate60', '探险', '野外']","[0.2069929838180542, 0.7930070757865906]"
华为mate60遥遥领先远赴人间惊鸿宴,"['mate60', '惊鸿', '华为', '遥遥领先', '人间']","[0.27974510192871094, 0.7202548384666443]"
美景配手机2珠海,"['美景', '珠海', '手机']","[0.24582773447036743, 0.7541722059249878]"
华为抢的已经没有脾气了，每次都是这个界面,"['华为', '界面', '脾气', '每次', '这个']","[0.3165011405944824, 0.6834989190101624]"
世间的美好你值得拥有,"['世间', '美好', '值得', '拥有']","[0.1757347285747528, 0.8242653012275696]"
我也遥遥领先啦2六盘水·盘县金华大酒店,"['盘县', '六盘水', '大酒店', '遥遥领先', '金华']","[0.2833133637905121, 0.7166866660118103]"
最近最大的愿望就是能在张靓颖演唱会的时候用上mate60，华为看看孩子吧！定了一个月眼看演唱会就要开始了，我还没买到，都已经开始想着靠抽奖拿到了@华为,"['演唱会', '华为', '张靓颖', 'mate60', '抽奖']","[0.2570919990539551, 0.7429080009460449]"
来华为旗舰店买手机啦体验遥遥领先,"['买手机', '旗舰店', '遥遥领先', '来华', '体验']","[0.2552928328514099, 0.7447071671485901]"
起个大早，月亮和轩辕十二，星图是个好宝贝！2衡水·青年公园,"['起个', '大早', '星图', '衡水', '轩辕']","[0.2869144082069397, 0.7130855321884155]"
大盘天天跌，没有增量资金，外资方向带节凑，天天流出。光伏和新能源这低的估值，没有最低，只有更低，价值按道理是越来越凸显了。今日看盘,"['天天', '带节', '这低', '看盘', '光伏']","[0.24433396756649017, 0.7556660771369934]"
mate60领先不起来,"['mate60', '领先', '起来']","[0.28673499822616577, 0.7132649421691895]"
我也用上遥遥领先了！,['遥遥领先'],"[0.27013492584228516, 0.7298650741577148]"
这四个颜色你更喜欢哪一个,"['颜色', '四个', '喜欢', '一个']","[0.21885176002979279, 0.7811482548713684]"
十月十日卖萌日，你的萌态小猫请查收。来看看系列镜头下猫咪的可爱瞬间。全焦段超清影像，记录萌宠们的“萌”动时光。L华为终端公司的微博视频,"['猫咪', '查收', '十月十日', '卖萌日', '萌态']","[0.2750616669654846, 0.7249383330345154]"
2西安,['西安'],"[0.2564283013343811, 0.7435716986656189]"
国庆兼职的时候p6是小朋友送的2福州·东二环泰禾广场,"['东二环', 'p6', '泰禾', '小朋友', '兼职']","[0.24190108478069305, 0.758098840713501]"
新品超值，福利多多！,"['超值', '新品', '多多', '福利']","[0.22303013503551483, 0.776969850063324]"
宿舍室内测速，用的是移动卡，宿舍如果用联通卡其实可以更快点。这个“4G”的网速怎么样呢？LTNU数码君的微博视频,"['宿舍', '网速', '4G', 'LTNU', '微博']","[0.2713324725627899, 0.7286674976348877]"
手表嘛，便宜好用就行，不要讲究那么多，1788的GT4比RS典藏功能一点也不少。🤭🤭,"['1788', 'GT4', 'RS', '典藏', '好用']","[0.27242806553840637, 0.727571964263916]"
今天一同事跟我说华为60pro＋炒到1万8了。我嗯了一声。然后他说华为居然卖1万8。我没接茬。同事接着说，苹果才卖1万3了。我又没接话。同事接着说，华为就是爱国情怀炒起来的。我说了一句凭什么华为就不能卖1万8，有人喜欢有人愿意买。同事就说华为不配卖这个价，人家苹果才1万3了，好歹是个美国货，华展开c,"['华为', '同事', '苹果', '60pro', '炒到']","[0.30097445845603943, 0.699025571346283]"
今天一同事跟我说华为60pro＋炒到1万8了。我嗯了一声。然后他说华为居然卖1万8。我没接茬。同事接着说，苹果才卖1万3了。我又没接话。同事接着说，华为就是爱国情怀炒起来的。我说了一句凭什么华为就不能卖1万8，有人喜欢有人愿意买。同事就说华为不配卖这个价，人家苹果才1万3了，好歹是个美国货，华为就是一国产的，不配卖那么贵。我说有人喜欢有人愿意高价买华为，凭什么要让别人来认同你的价值观。然后俩人就没话说了。收起d,"['华为', '同事', '有人', '不配', '苹果']","[0.3045787215232849, 0.6954212784767151]"
遥遥领先看我这微博尾巴来自遥遥领先的huaweimate60华为,"['遥遥领先', '微博', 'huaweimate60', '华为', '尾巴']","[0.2298901081085205, 0.7701098322868347]"
晚上好🌹来自花粉的投稿合集📱🌸🌸华为华为主题华为手机华为mate50展开c,"['华为', 'mate50', '合集', '投稿', '花粉']","[0.28288447856903076, 0.7171155214309692]"
晚上好🌹来自花粉的投稿合集📱🌸🌸华为华为主题华为手机华为mate50收起d,"['华为', 'mate50', '合集', '投稿', '花粉']","[0.2508421242237091, 0.7491578459739685]"
太难抢了，,['太难'],"[0.27626553177833557, 0.7237344980239868]"
我真的被种草了！特别是华为紫色的X5！在成都春熙路「聚力新生—超级Mate馆」华为Mate60系列路演现场，有独特的IP人偶「遥遥」熊猫，反正这次我的DNA是动了~,"['华为', '春熙路', '人偶', 'X5', '聚力']","[0.2663629949092865, 0.7336369752883911]"
哈哈哈哈哈哈哈哈哈哈，终于有了自己的mate60。只要我们努力，就一定会实现愿望的2沈阳·沈阳北站,"['哈哈哈', '沈阳北站', 'mate60', '哈哈哈哈', '沈阳']","[0.2555384635925293, 0.7444615364074707]"
成都华为全新超级Mate馆，各种山河元素打造的全新线下体验馆，简直不要太适合拍照打卡！我怎么这么容易被种草！全新紫色的华为X5，独特的紫色外观简直戳我心新巴！我还体验了其它好多的遥遥领先~,"['全新', '华为', '紫色', '体验', '简直']","[0.31622451543807983, 0.6837754845619202]"
叮~打卡！华为超级Mate馆📸华为Mate60系列等新品的特点和功能真不错，完全感受到了华为科技与时尚结合的魅力，还有X5紫色款，这波心水程度是100000％！,"['华为', '打卡', 'Mate', 'Mate60', 'X5']","[0.2887309789657593, 0.711268961429596]"
抢到了，安排上了华为mate60,"['mate60', '抢到', '华为', '安排']","[0.23860283195972443, 0.7613971829414368]"
同事买的贴纸这可真是遥遥领先啊,"['贴纸', '遥遥领先', '同事', '真是']","[0.24088606238365173, 0.7591139078140259]"
阿华发问:什么比5G更快？,"['5G', '华发', '更快', '什么']","[0.216816246509552, 0.7831836938858032]"
这绝对是宠物爱好者的福音！Pro搭载超光变主摄，支持十档可变光圈。还配有超广角镜头和一枚微距长焦镜头。让萌宠的陪伴时光轻松定格。？来用照片直观感受下这款旗舰机型的影像表现。,"['十档', '广角镜头', 'Pro', '主摄', '微距长']","[0.2821018397808075, 0.7178981900215149]"
纤毫毕现，萌态可掬。拿起系列，轻松捕捉萌宠的可爱瞬间，用镜头记录每个温情陪伴画面。,"['萌态', '可掬', '萌宠', '纤毫', '毕现']","[0.25228381156921387, 0.7477161288261414]"
今日卖萌日，这些是用系列手机拍出来的萌猫的照片，它们的百般“萌”态，真的让人好喜欢！不错过猫猫们的可爱时光，让我们一起用将此刻记录吧！,"['卖萌日', '萌猫', '猫猫', '百般', '时光']","[0.20808285474777222, 0.7919171452522278]"
如果你家有喵星人，系列手机，会让你体会到。不仅如此，你还会收获一个萌萌的陪伴者，一个淘气的好玩伴～每天都沦陷在它的可爱里！,"['星人', '萌萌', '淘气', '好玩', '沦陷']","[0.22285571694374084, 0.7771442532539368]"
谷歌Pixel8Pro黑科技——红外温度测量计实测，可测人体温度。L科技圈同学的微博视频,"['温度', 'Pixel8Pro', '测量计', '可测', '微博']","[0.3007832169532776, 0.6992167830467224]"
新手机拍照绝了,"['新手机', '拍照']","[0.2290429323911667, 0.7709570527076721]"
修猫当然不止有可爱的一面，它还有淘气的一面优雅的一面机智的一面......快来看看Pro拍下的猫猫的美一面！,"['一面', '修猫', '......', 'Pro', '猫猫']","[0.2549456059932709, 0.7450544238090515]"
咱就是说给人拍证件照可太难了，给宠物拍可soeasy！系列镜头，风驰闪拍！再活泼的哈基米也有被我拍到的时刻～,"['风驰', '证件照', '可太难', 'soeasy', '闪拍']","[0.2607421278953552, 0.7392579317092896]"
这几天随着系列上市，“遥遥领先”刷屏了整个平台～在手机圈里是很久没有见到的盛况了～借着10月华为超级Mate馆登陆北京，假期我也跑去狠狠地体验了一把这次全线的新产品～华为超级Mate馆的整体造型设计理念就是源于华为Mate60手机的镜头设计。整体外观颜色取自Mate60手机全新的配色——展开c,"['华为', 'Mate', 'Mate60', '手机', '超级']","[0.2685283422470093, 0.7314716577529907]"
这几天随着系列上市，“遥遥领先”刷屏了整个平台～在手机圈里是很久没有见到的盛况了～借着10月华为超级Mate馆登陆北京，假期我也跑去狠狠地体验了一把这次全线的新产品～华为超级Mate馆的整体造型设计理念就是源于华为Mate60手机的镜头设计。整体外观颜色取自Mate60手机全新的配色——雅川青色。整个超级Mate馆内部，对应打造了四大极境体验空间，分别在雅鲁藏布江，白沙山，黑独山，南糯山的环境中展示了这次发布的不同新品让大家上手体验！作为摄影师我首先体验的就是Mate60Pro的拍照功能，超强的硬件搭配加上华为较强的调校能力，实际使用拍照的时候切入迅捷灵敏，成像速度快且清晰～尤其是对于高光的处理上真的很自然，拍人像的时候脸不会过暴，肤色清新！这次除了体验Mate60系列手机，同时还感受了一把华为watchGT4和华为问界新M7，豪华内饰与智能座舱真的很酷。从诞生到蜕变，每一代Mate，都是华为创新与尖端科技的集大成者。看到我们国产品牌可以做到如此出色，真的可以喊出那句口号：！收起d,"['华为', 'Mate', '体验', 'Mate60', '手机']","[0.37569427490234375, 0.6243057250976562]"
华为秋季全场景新品亮相，咱就是说谁能拒绝华为全家桶的诱惑？！Pro最吸引我的是湿手触控，无论是洗澡还是刚洗完手都能滑动接电话！卫星通信真的让野外探险党安全感满满，玄武架构加上强大的摄影功能更是完美戳中我；华为手表堪称女性之友！科学监测热量缺口，智能预测生理周期，简直不要展开c,"['华为', 'Pro', '湿手', '触控', '之友']","[0.3142433762550354, 0.6857565641403198]"
华为秋季全场景新品亮相，咱就是说谁能拒绝华为全家桶的诱惑？！Pro最吸引我的是湿手触控，无论是洗澡还是刚洗完手都能滑动接电话！卫星通信真的让野外探险党安全感满满，玄武架构加上强大的摄影功能更是完美戳中我；华为手表堪称女性之友！科学监测热量缺口，智能预测生理周期，简直不要太贴心；还有耳机也值得表扬！AI降噪瞬间安静，在车上或者在图书馆沉浸式听音乐可以享受自由时光，避免嘈杂和烦躁；还有我的梦中情机华为平板，无边框超大大大屏，无论看剧还是移动办公都能轻松驾驭，uu们不好意思我先啦～～收起d,"['华为', 'Pro', '湿手', '触控', 'AI']","[0.30483558773994446, 0.6951643228530884]"
九月碎片～华为2广州,"['华为', '碎片', '九月', '广州']","[0.28927722573280334, 0.710722804069519]"
 在华为秋季新品发布会上多款新品亮相，Pro采用了玄武架构第二代昆仑玻璃和卫星通话，更加可靠耐用。轻薄且无边的13.2英寸MatePadPro，真的是要卷死笔记本。还有FreeBudsPro3的音质真的给我带来了很大的惊喜，再次抬高了真无线蓝牙耳机的天花板。这几款产品我也第一展开c,"['新品', 'Pro', '13.2', 'MatePadPro', 'FreeBudsPro3']","[0.28051167726516724, 0.7194883227348328]"
 在华为秋季新品发布会上多款新品亮相，Pro采用了玄武架构第二代昆仑玻璃和卫星通话，更加可靠耐用。轻薄且无边的13.2英寸MatePadPro，真的是要卷死笔记本。还有FreeBudsPro3的音质真的给我带来了很大的惊喜，再次抬高了真无线蓝牙耳机的天花板。这几款产品我也第一时间带来了评测内容，大家可以在首页搜索查看，你们喜欢哪款产品呢～收起d,"['新品', 'Pro', '13.2', 'MatePadPro', 'FreeBudsPro3']","[0.249390110373497, 0.7506098747253418]"
 设计也太太太出圈了吧！玄武架构和同心圆设计真的超级精致，拿到手感受到满满的诚意。摄影功能怎么能做到既如此的清晰又有质感的美，真的很惊喜。新款无边大平板体验高级感也是拉满啦，还有亮相的手表和耳机，华为手表与健康是绝配，科学检测热量缺口，耳机的AI降噪和至臻原声听起音乐简展开c,"['耳机', '手表', '原声', '出圈', 'AI']","[0.3349204659461975, 0.6650795340538025]"
 设计也太太太出圈了吧！玄武架构和同心圆设计真的超级精致，拿到手感受到满满的诚意。摄影功能怎么能做到既如此的清晰又有质感的美，真的很惊喜。新款无边大平板体验高级感也是拉满啦，还有亮相的手表和耳机，华为手表与健康是绝配，科学检测热量缺口，耳机的AI降噪和至臻原声听起音乐简直身临其境。 真的可以每次都相信华为！收起d,"['华为', '耳机', '手表', '真的', '原声']","[0.2822180390357971, 0.7177819013595581]"
国庆被华为Mate60系列拍摄的川西美图和视频刷屏了！照片除了“出圈”景点卧龙九寨沟碧峰峡达古冰川！长焦拍雪山再合适不过了，还有微距，拍细节也是遥遥领先！而且Mate60的配色也是取自于大地板图，在川西也能找到对应颜色，一起出镜也太美了！#Mate60遥遥领先展开c,"['Mate60', '遥遥领先', '川西', '美图', '刷屏']","[0.3051685392856598, 0.6948314905166626]"
国庆被华为Mate60系列拍摄的川西美图和视频刷屏了！照片除了“出圈”景点卧龙九寨沟碧峰峡达古冰川！长焦拍雪山再合适不过了，还有微距，拍细节也是遥遥领先！而且Mate60的配色也是取自于大地板图，在川西也能找到对应颜色，一起出镜也太美了！收起d,"['Mate60', '川西', '美图', '刷屏', '碧峰峡']","[0.2828012704849243, 0.7171987891197205]"
华为frebudspro3耳机星闪功能是真的厉害，而且这绝对是华为无线耳机中音质中最好的。值得无脑上车。只支持华为mate60系列哈L叫我小胖娃的微博视频,"['华为', '无脑', '胖娃', 'frebudspro3', '星闪']","[0.25788432359695435, 0.7421156764030457]"
华为mate60pro使用30天体验。很流畅，如果不是为了支持国产，同价位有更多的选择。但不可否认技术确实很优秀L叫我小胖娃的微博视频,"['同价位', '胖娃', 'mate60pro', '30', '微博']","[0.2723643481731415, 0.7276356220245361]"
国庆春熙路街头的华为超级Mate馆，致敬奔腾不息的力量，一起感受遥遥领先~,"['春熙路', 'Mate', '华为', '致敬', '遥遥领先']","[0.260331392288208, 0.739668607711792]"
【消息人士：华为目标在2024年出货6000万-7000万部智能手机】10月10日，记者通过华为相关消息人士了解到，华为目标在2024年出货6000万-7000万部智能手机。该人士还表示华为已经向供应链追加了足够数量的订单，确保2024年全年能够达到这一出货数字。华为,"['华为', '2024', '出货', '6000', '7000']","[0.24852977693080902, 0.7514702081680298]"
太精彩了获奖预定,"['太精彩', '获奖', '预定']","[0.24331359565258026, 0.7566863894462585]"
摄于宁德市霞浦县，夕阳无限好，记录渔民的劳作日常，抓拍渔民撒网捕鱼的精彩瞬间2宁德·霞浦,"['渔民', '撒网捕鱼', '霞浦县', '霞浦', '摄于']","[0.29291072487831116, 0.7070891857147217]"
分享河北花粉Mate60里的世界,"['Mate60', '花粉', '分享', '河北', '世界']","[0.25560253858566284, 0.7443975210189819]"
【华为|Mate60系列📱记录萌宠瞬间】纤毫毕现，萌态可掬。拿起系列，轻松捕捉萌宠的可爱瞬间，用镜头记录每个温情陪伴画面。来选购华为产品@华为终端（颐堤港一层）2北京·颐堤港INDIGO华为,"['华为', '萌宠', '颐堤', '瞬间', '系列']","[0.2709330916404724, 0.7290669679641724]"
Mate60Pro+遥遥领先,"['Mate60Pro', '遥遥领先']","[0.2283598929643631, 0.7716401219367981]"
【华为破围堵第一击美急谋对策续打压】华为技术有限公司旗舰手机Mate60Pro，最大亮点是搭载了由同系芯片设计公司海思开发的7纳米通讯芯片麒麟9000s，性能直逼4纳米工艺的高通骁龙888。在美国对华半导体产业强烈打压下，为何内地企业仍有能力制造7纳米工艺的芯片？这正是业界最感展开c,"['纳米', '芯片', '打压', '工艺', '华为技术有限公司']","[0.3403609097003937, 0.6596391201019287]"
【华为破围堵第一击美急谋对策续打压】华为技术有限公司旗舰手机Mate60Pro，最大亮点是搭载了由同系芯片设计公司海思开发的7纳米通讯芯片麒麟9000s，性能直逼4纳米工艺的高通骁龙888。在美国对华半导体产业强烈打压下，为何内地企业仍有能力制造7纳米工艺的芯片？这正是业界最感兴趣的地方O网页链接收起d,"['纳米', '芯片', '打压', '工艺', '华为技术有限公司']","[0.21814732253551483, 0.781852662563324]"
看了工作室小伙伴儿假期用Pro+拍的这些照片，确实勾起了我去西藏玩儿一次的欲望，明年，明年一定得去一次。到时我应该会带着华为Mate70系列去吧,"['Pro', '会带', 'Mate70', '小伙伴', '明年']","[0.22075319290161133, 0.7792468070983887]"
确实听筒有点问题，一直有遥遥领先的声音在响……,"['听筒', '遥遥领先', '确实', '有点', '声音']","[0.22603067755699158, 0.7739693522453308]"
华为你什么时候把摄像头调调软件快点适配微信的视频通话画质真的很死亡,"['适配', '微信', '画质', '调调', '摄像头']","[0.29361122846603394, 0.7063887715339661]"
韩媒：中国自主研发脚步不会停止，美国有可能逼出“中国版阿斯麦”！这是必然的，等着瞧，中国EUV光刻机也就是3-5年内必然商用。想想当年高不可攀的盾构机，今何在？“凡是杀不死我的，必将使我强大。”中国在这方面感受太深了，“自力更生，艰苦奋斗”,"['今何在', '中国', '韩媒', 'EUV', '光刻机']","[0.3291909992694855, 0.6708090305328369]"
福州哪里有不加价的华为mate60pro呀，抢不到呀,"['mate60pro', '华为', '加价', '福州', '哪里']","[0.2746551036834717, 0.7253448963165283]"
终于抢到了,"['抢到', '终于']","[0.20497027039527893, 0.7950296998023987]"
，你的萌态小猫请查收。来看看系列镜头下猫咪的可爱瞬间。全焦段超清影像，记录萌宠们的“萌”动时光。L华为商城的微博视频,"['猫咪', '查收', '萌态', '全焦', '超清']","[0.2631029486656189, 0.7368971109390259]"
我真服了这个华为，今早也是盯着时间抢的，抢四次了，感觉1秒没，比演唱会门票都难抢，搞得人都不想买了，我真的怀疑有人抢到过吗？这个10:08，我真的气死华为,"['华为', '真服了', '今早', '10', '08']","[0.33469295501708984, 0.6653070449829102]"
，你的萌态小猫请查收。来看看系列镜头下猫咪的可爱瞬间。全焦段超清影像，记录萌宠们的“萌”动时光。L华为终端的微博视频,"['猫咪', '查收', '萌态', '全焦', '超清']","[0.300163596868515, 0.6998364925384521]"
十月十日卖萌日，你的萌态小猫请查收。来看看系列镜头下猫咪的可爱瞬间。全焦段超清影像，记录萌宠们的“萌”动时光。L华为手机的微博视频,"['猫咪', '查收', '十月十日', '卖萌日', '萌态']","[0.286929726600647, 0.7130702137947083]"
服了，我今天去线下店问手机能预订上了吗，人家说要等两三个月，一直感觉华为带着麒麟芯片回归是我的白月光回国，本来今年就想换手机，之前有点想买三星的s23ultra结果听到mate60要出，我毅然决然的等，结果白月光一点机会都不给我，抢不到，根本抢不到（tb，🐠啥的价格比商城里买要贵好几百甚至上展开c,"['白月光', '手机', '店问', 's23ultra', 'mate60']","[0.3312595784664154, 0.668740451335907]"
服了，我今天去线下店问手机能预订上了吗，人家说要等两三个月，一直感觉华为带着麒麟芯片回归是我的白月光回国，本来今年就想换手机，之前有点想买三星的s23ultra结果听到mate60要出，我毅然决然的等，结果白月光一点机会都不给我，抢不到，根本抢不到（tb，🐠啥的价格比商城里买要贵好几百甚至上千，我总觉得买了会有点亏）感觉双十一好多手机都会有活动，甚至都考虑要不要换iphone了收起d,"['白月光', '手机', '店问', 's23ultra', 'mate60']","[0.30603498220443726, 0.6939650774002075]"
Mate40系列的宣传语，对应Mate60非凡大师,"['宣传语', 'Mate40', 'Mate60', '非凡', '大师']","[0.2570329010486603, 0.7429670691490173]"
什么时候能发货,"['发货', '时候', '什么']","[0.25013673305511475, 0.7498632669448853]"
终于让我抢到啦哈哈哈哈！！！！！！虽然不是青白但是紫色也是很好看滴,"['青白', '哈哈哈哈', '紫色', '好看', '终于']","[0.3014332354068756, 0.6985667943954468]"
保命神器，遥遥领先~，爱了爱了~,"['保命', '神器', '遥遥领先']","[0.29728177189826965, 0.702718198299408]"
开心激动坏了！！！这个运气也太好了！,"['太好了', '运气', '开心', '激动', '这个']","[0.3013405501842499, 0.6986594796180725]"
啊哈哈哈哈哈哈哈哈哈哈哈哈哈哈哈哈哈哈,['哈哈哈'],"[0.29574328660964966, 0.7042567133903503]"
PixLabV1和PixLabX1，你的打印伴侣！多种设备轻松打印，只需简单操作，省时又省心。🔘Pro13.2：一拉一拽，打印超快；🔘XPro：自动弹窗，一“印”俱全；🔘Pro+：随时随地，想印就印。,"['打印', 'PixLabV1', 'PixLabX1', 'Pro13.2', '一拉一']","[0.22679215669631958, 0.7732079029083252]"
可以安排了？🫣,"['安排', '可以']","[0.19904644787311554, 0.8009535670280457]"
10月10号是“卖萌日”。每年的这一天，我们都可以尽情享受来自毛孩子的“宠爱”，当我们享受“宠爱”时，随手拿起手机记录下这温馨的时刻，成为生活中必不可少的仪式感。在一次次和爱宠上头的拍摄中，系列手机用它专业的镜头记录下宠物们真实自然的样子，呈现展开c,"['10', '宠爱', '记录', '享受', '手机']","[0.23826903104782104, 0.761730968952179]"
10月10号是“卖萌日”。每年的这一天，我们都可以尽情享受来自毛孩子的“宠爱”，当我们享受“宠爱”时，随手拿起手机记录下这温馨的时刻，成为生活中必不可少的仪式感。在一次次和爱宠上头的拍摄中，系列手机用它专业的镜头记录下宠物们真实自然的样子，呈现出宠物证件照般的萌感，让“宠爱”如影随形时刻相伴。L人物的微博视频收起d,"['宠爱', '10', '宠物', '时刻', '记录']","[0.2714059352874756, 0.7285940647125244]"
万物皆可萌，可爱藏不住！猫咪这些日常萌点，在生活中你见过吗？用系列手机，一同看看吧！L我的宠物萌萌的微博视频,"['猫咪', '可萌', '萌点', '萌萌', '微博']","[0.23367708921432495, 0.766322910785675]"
国庆看到别人用Mate60拍的川西风景尊嘟太美了，谁看了不说绝绝子！！真的太羡慕尊贵的华为Mate60系列机主了，不仅拍照遥遥领先，还能卫星通话，呜呜呜我也要省钱入一台！,"['Mate60', '机主', '尊嘟', '绝子', '太美']","[0.3032087981700897, 0.6967912316322327]"
沉迷在喵哥喵姐的萌趣中无法自拔，系列镜头人像模式给宠物拍肖像，轻松记录宠宠萌动时刻！L萌宠集中营的微博视频,"['沉迷在', '萌趣', '宠宠', '萌宠', '微博']","[0.30468761920928955, 0.6953123807907104]"
一人一喵，生活美好！系列镜头超级微距，猫咪们的萌点轻松发现！？一起拍拍看看吧～L可爱宠物中心的微博视频,"['猫咪', '微距', '萌点', '宠物中心', '微博']","[0.256976455450058, 0.7430235147476196]"
纤毫毕现，萌态可掬。拿起系列，轻松捕捉萌宠的可爱瞬间，用镜头记录每个温情陪伴画面。,"['萌态', '可掬', '萌宠', '纤毫', '毕现']","[0.25228381156921387, 0.7477161288261414]"
前段时间说的星闪龙头，今天精准提醒出来，一波主升浪，不容易啊。荣联科技sz002642,"['主升浪', '荣联', 'sz002642', '精准', '前段时间']","[0.27752381563186646, 0.7224761843681335]"
u1s1，用来摄影也不在话下,"['u1s1', '不在话下', '摄影', '用来']","[0.27065449953079224, 0.7293455004692078]"
10月7日入手华为Mate60Pro（雅川青），经过几天体验，不仅性能（运转速度超快）屏幕和拍照能力方面表现出色，还具备强大的续航能力。大容量电池，搭配88W极速闪充和50W快速无线充电的组合，还支持10W反向无线充电，太棒啦。,"['无线', '充电', '10', 'Mate60Pro', '雅川青']","[0.23792429268360138, 0.7620757222175598]"
华为新款后置真的还蛮不错!就是会变色（去店里面试的 ),"['华为', '后置', '新款', '变色', '面试']","[0.28522124886512756, 0.71477872133255]"
，你的萌态小猫请查收。来看看系列镜头下猫咪的可爱瞬间。全焦段超清影像，记录萌宠们的“萌”动时光。L华为终端客服的微博视频,"['猫咪', '查收', '萌态', '全焦', '超清']","[0.28263044357299805, 0.7173696160316467]"
付款排队发货不就行了？至于吗还搞抢购,"['发货', '抢购', '付款', '排队', '就行了']","[0.30395710468292236, 0.6960429549217224]"
教教我吧，为什么我的华为mate60没饿了么实况窗,"['mate60', '没饿', '教教', '实况', '华为']","[0.29727238416671753, 0.7027275562286377]"
清晰记录宠物每一瞬间,"['宠物', '一瞬间', '清晰', '记录']","[0.30037418007850647, 0.6996257901191711]"
每次近距离观察猫猫，都能将我的内心萌化。来看看系列手机镜头下的喵喵们，无论距离远近，都能把猫猫身上每一份可爱拍得清清楚楚。,"['猫猫', '萌化', '近距离', '镜头', '远近']","[0.23484398424625397, 0.7651559710502625]"
遥遥领先的第二张照片,"['第二张', '遥遥领先', '照片']","[0.2491140067577362, 0.7508859634399414]"
去过好几次川西，这次真的被给戳到了！华为Mate60系列镜头下的川西美景美得让人惊艳，谁看谁喜欢！一直想向全世界安利这里的美景，人生总要去一次川西吧，真的太美了！！！,"['川西', '美景', '安利', 'Mate60', '太美']","[0.27355921268463135, 0.7264407277107239]"
华为独占卫星手机通话专利，其他手机公司碰瓷绝缘！保护期内，天通卫星只能开通华为天通卫星手机通话功能，其他手机公司碰瓷绝缘！华为公司近日宣布，其独占的天通卫星手机通话功能专利技术已经成功研发，并将于近期正式投入使用。这项专利技术将保护期设定为5年，意味着在未来的五年内，只有华为展开c,"['天通', '手机', '华为', '卫星', '通话']","[0.23328553140163422, 0.7667145133018494]"
华为独占卫星手机通话专利，其他手机公司碰瓷绝缘！保护期内，天通卫星只能开通华为天通卫星手机通话功能，其他手机公司碰瓷绝缘！华为公司近日宣布，其独占的天通卫星手机通话功能专利技术已经成功研发，并将于近期正式投入使用。这项专利技术将保护期设定为5年，意味着在未来的五年内，只有华为的高端手机才能拥有这一令人瞩目的功能，其他手机公司均无法染指！天通卫星，作为我国唯一的电信卫星，目前已经开始为华为手机提供卫星手机通话服务。华为的天通卫星手机通话功能基于卫星通信技术，实现了在任何地点任何时间进行通信的可能。这一功能的开通，不仅彰显了华为在通信技术领域的领先地位，也标志着我国在卫星通信领域取得了重大突破。尽管这项技术的难度非常大，但华为公司凭借其卓越的技术实力和坚持不懈的努力，成功研发出这一世界领先的卫星手机通话技术。华为的这一成就，无疑将其他所谓的“全球领先”的手机公司狠狠地甩在了后面。那些平日里自吹自擂自诩为行业巨头的手机公司，此时在华为面前也变得黯然失色。值得注意的是，天通卫星的容量非常有限。尽管华为已经成功研发出这项技术，但由于天通卫星的容量限制，这项业务无法大规模开展。因此，未来五年内，只有华为的高端手机才能享有这一独特的卫星手机通话功能。华为公司的这一成就，无疑将改变全球通信行业的格局。在未来五年内，华为将成为唯一一家能够提供卫星手机通话功能的手机厂商。消费者在选择手机时，将不再只是考虑手机的品牌配置和价格，而是多了一项独特的功能选择——卫星手机通话功能。在这个信息时代，通信已经成为人们生活中不可或缺的一部分。华为的天通卫星手机通话功能，无疑将为消费者提供更为便捷高效的通信方式。这项功能的推出，也将进一步巩固华为在全球通信市场的领先地位，并为其赢得更多消费者的信任和支持。在未来五年内，其他手机公司只能望尘莫及。他们或许可以模仿抄袭华为的外观设计配置参数等表面上的东西，但在真正的技术实力和创新能力上，他们无法与华为相提并论。对于那些渴望拥有卫星手机通话功能的消费者来说，未来五年内，他们只能在华为的高端手机上体验到这一独特的通信方式。在这个信息时代，技术实力和创新能力的竞争已经成为手机市场的核心竞争力。华为公司凭借其卓越的技术实力和创新能力，成功研发出天通卫星手机通话功能，并独占了这一令人瞩目的技术。在未来五年内，华为将继续引领全球通信市场的发展潮流，为消费者带来更多惊喜和便利！总之，华为的天通卫星手机通话功能是一项具有划时代意义的通信技术创新。在未来五年内，只有华为的高端手机才能拥有这一独特的功能。其他手机公司只能望尘莫及。收起d,"['华为', '手机', '卫星', '通话', '天通']","[0.306183397769928, 0.6938165426254272]"
【简青奔流不息】双动态主题在华为主题app上线啦！！！,"['主题', '简青', 'app', '华为', '奔流']","[0.27798619866371155, 0.7220138311386108]"
黑白双持，求个文案O抽奖详情,"['双持', '求个', '文案', '抽奖', '黑白']","[0.23601016402244568, 0.7639898061752319]"
微信前置摄像头拍照丑的像屎一样,"['微信', '摄像头', '前置', '拍照', '一样']","[0.26261794567108154, 0.7373820543289185]"
想换个手机线下没货线上抢不到有些人也真够恶心自己不用硬要去抢抢到了溢价卖或者搞拍卖价高者得咋那么恶心呢,"['恶心', '拍卖价', '想换个', '没货线', '线下']","[0.3423742353916168, 0.6576257944107056]"
真有职业黑华为的。刷微信视频，不想看这些职业黑，但总是刷到,"['职业', '微信', '刷到', '华为', '视频']","[0.3425939977169037, 0.6574059724807739]"
我多么希望明天一醒来，就能看到店员给我发的微信说手机到货了,"['微信', '给我发', '到货', '店员', '醒来']","[0.22928443551063538, 0.770715594291687]"
华为mate60你再没货我可就换苹果了苹果粉好不容易下定决心换华为太费劲了吧加价1000啥的门都没有,"['华为', '苹果', 'mate60', '没货', '1000']","[0.31996890902519226, 0.6800311207771301]"
一直忘发了,"['忘发', '一直']","[0.24405521154403687, 0.7559447884559631]"
@余承东,['余承东'],"[0.31093740463256836, 0.6890625953674316]"
华为中端机和入门机型才是真正普及生态重要的一环也是真正走量的产品线希望华为会带给我们更多的惊喜。L游戏品玩君的微博视频,"['华为', '端机', '走量', '品玩君', '微博']","[0.2745032012462616, 0.725496768951416]"
？一部Pro手机告诉你！其配置阵容十分强大，无论是用“风驰闪拍”抓拍宠物萌动瞬间，还是用“人像模式”定格萌宠肖像照……任何时候，都能拥有宠物高质量大片。,"['宠物', '风驰', 'Pro', '闪拍', '萌宠']","[0.32071906328201294, 0.6792809367179871]"
待在小猫身边，世界都会变得美好又温柔！系列拍出来的猫猫们真的好可爱！那可能就是相册里都是它的照片了吧～,"['猫猫', '相册', '小猫', '温柔', '美好']","[0.23138657212257385, 0.7686133980751038]"
用Pro手机，？俏皮的灵动感，藏在细节里的可爱，玩耍时的傲娇......有猫猫陪伴的每一天，真的幸福到爆棚。,"['Pro', '傲娇', '......', '猫猫', '爆棚']","[0.21768206357955933, 0.7823179960250854]"
🌿在微观世界，肆意展现透彻之美,"['之美', '微观世界', '肆意', '透彻', '展现']","[0.2671719193458557, 0.7328281402587891]"
缅A1跟国足一样稳定，数十年如一日，一直被垫底，从未想超越；2不是所有的股市都叫缅A，不是每种股市都叫特能输----缅A！3缅A专注融资再融资，对你的爱始终如一；4专割股民---背后逻辑，一般人还不告诉他；5缅A，亏不亏钱，谁用都知道；6缅A缅A，专注阴跌每一天；7缅A缅A，展开c,"['专注', '数十年如一日', 'A1', '跟国足', '特能']","[0.3169543147087097, 0.6830456256866455]"
缅A1跟国足一样稳定，数十年如一日，一直被垫底，从未想超越；2不是所有的股市都叫缅A，不是每种股市都叫特能输----缅A！3缅A专注融资再融资，对你的爱始终如一；4专割股民---背后逻辑，一般人还不告诉他；5缅A，亏不亏钱，谁用都知道；6缅A缅A，专注阴跌每一天；7缅A缅A，3000点----永远的追随，永远的最爱。收起d,"['----', '专注', '数十年如一日', '永远', 'A1']","[0.3234446048736572, 0.6765553951263428]"
2上海·华为旗舰店·上海南京东路,"['上海南京东路', '华为', '旗舰店', '上海']","[0.21973499655723572, 0.7802650332450867]"
接好运的一天mate60RS华为,"['mate60RS', '华为', '好运', '一天']","[0.2308279424905777, 0.7691720724105835]"
首发11天才发货，昨天发货今天到，耳边响起了那个男人的声音。,"['发货', '11', '天才', '耳边', '响起']","[0.2639041841030121, 0.7360957860946655]"
华为值得买上真实用户不推荐买华为mate60,"['华为', 'mate60', '用户', '真实', '值得']","[0.3442997634410858, 0.6557002663612366]"
华为Mate60ProVSiPhone15Pro0.5倍，1倍，3.5/3倍，10倍随手拍直出，你觉得那个观感更自然？,"['Mate60ProVSiPhone15Pro0.5', '3.5', '10', '拍直', '观感']","[0.29192057251930237, 0.7080793976783752]"
能打赢科技长津湖战役上甘岭战役的公司就是国家队就是志愿军就是最可爱的人！,"['长津湖', '上甘岭战役', '就是', '打赢', '国家队']","[0.3002316653728485, 0.6997683644294739]"
刚到手，肯定要测一下速啦！这是多少G？无G！,"['要测', '到手', '肯定', '多少', '一下']","[0.22223420441150665, 0.7777658104896545]"
明天到,['明天'],"[0.2240867018699646, 0.7759132981300354]"
人生总该有一次说走就走的旅行，在自然深处，遇见真我。系列卫星通话，便是这条探索之路的好搭档。在浩瀚无际的海面，在壮阔辽远的沙漠，在重峦叠嶂的山林，打不通的电话用卫星打，让出行更安心，让家人更放心。卫星通话，纵横山海。10月9月，锁定华为天猫展开c,"['卫星', '通话', '好搭档', '重峦叠嶂', '10']","[0.24815483391284943, 0.7518451809883118]"
人生总该有一次说走就走的旅行，在自然深处，遇见真我。系列卫星通话，便是这条探索之路的好搭档。在浩瀚无际的海面，在壮阔辽远的沙漠，在重峦叠嶂的山林，打不通的电话用卫星打，让出行更安心，让家人更放心。卫星通话，纵横山海。10月9月，锁定华为天猫官方旗舰店，专为抢又抢不到，等又等不及的朋友铺路，现货速来！@华为手机@天猫L天猫的微博视频收起d,"['天猫', '卫星', '华为', '通话', '好搭档']","[0.2618609368801117, 0.7381390929222107]"
遥遥领先遥遥领先！华为2青岛,"['遥遥领先', '华为', '青岛']","[0.24610264599323273, 0.7538973093032837]"
Navis-慢点评测的视频重点Mate60Pro的屏幕评测大家肯定关心的就是高亮度的360Hz是不是明显影响了频闪。但很显然，想要客观全面评价频闪，一定不能只看频率，波动深度和占空比也很重要，所以我们以系统稳定更新之后的结果为准，看看Mate60系列的360Hz和其他的360Hz是不是一样。展开c,"['360Hz', '频闪', '评测', '占空比', 'Navis']","[0.27866479754447937, 0.721335232257843]"
Navis-慢点评测的视频重点Mate60Pro的屏幕评测大家肯定关心的就是高亮度的360Hz是不是明显影响了频闪。但很显然，想要客观全面评价频闪，一定不能只看频率，波动深度和占空比也很重要，所以我们以系统稳定更新之后的结果为准，看看Mate60系列的360Hz和其他的360Hz是不是一样。LNavis-慢点评测的微博视频收起d,"['360Hz', '评测', '频闪', '慢点', '视频']","[0.28796806931495667, 0.712031900882721]"
满满好运，遥遥领先！感谢华为❤️L主持人杨林的微博视频,"['微博', '华为', '好运', '遥遥领先', '满满']","[0.2448057383298874, 0.7551942467689514]"
满满好运，遥遥领先！感谢华为❤️,"['华为', '好运', '遥遥领先', '满满', '感谢']","[0.23706528544425964, 0.762934684753418]"
北京超级Mate馆活动真不错，几乎可以体验到刚刚发布的全部华为全场景新品，和大家分享一些体验感受～系列手机是一部很适合大众使用的智能手机，超可靠的玄武架构提供全方位的防护，支持湿手触控日常使用更安心，即使在没有信号的无人区也能给家里报平安13.2英寸的华为展开c,"['华为', '体验', '报平安', 'Mate', '湿手']","[0.3134174942970276, 0.6865825057029724]"
北京超级Mate馆活动真不错，几乎可以体验到刚刚发布的全部华为全场景新品，和大家分享一些体验感受～系列手机是一部很适合大众使用的智能手机，超可靠的玄武架构提供全方位的防护，支持湿手触控日常使用更安心，即使在没有信号的无人区也能给家里报平安13.2英寸的华为MatePadPro平板拥有极致轻薄和超高生产力两大优势，超大的屏幕为创作提供更广阔的视野，很适合出门轻办公华为WatchGT4在健康方面升级明显，搭载的减脂塑形App很有意思，引入吃动平衡概念，支持热量缺口展示热量快捷记录，随时查看热量摄入情况，还能提前提醒用户关注生理期华为FreeBuds3Pro的AI降噪很棒，能够针对噪音环境和用户佩戴状态进行智能降噪，在麒麟芯片的加持下，音质也更有空间感和层次感。收起d,"['华为', '热量', '降噪', '体验', '用户']","[0.273892343044281, 0.7261075973510742]"
打开某个大厂APP，刘德华连声带人跃然屏上，第一联想就是华为非凡大师，然后看到产品广告其实是海飞丝😂不禁感叹，海飞丝是懂流量的华为,"['海飞丝', '华为', 'APP', '屏上', '跃然']","[0.29969045519828796, 0.7003095149993896]"
逐梦未来，行于当下。有为青年2023高校花粉挑战赛火热报名中，欢迎所有在校大学生组队参与！！！奖励特别丰厚！！！详情下方了解华为,"['逐梦', '行于', '2023', '组队', '挑战赛']","[0.2589118778705597, 0.7410881519317627]"
终于排到了新手机，还管咖啡2深圳·华为旗舰店·深圳万象天地,"['还管', '深圳', '新手机', '华为', '旗舰店']","[0.28761738538742065, 0.7123826742172241]"
时价时价记得多询价,"['时价', '询价', '记得']","[0.2653137743473053, 0.7346861958503723]"
平时我很喜欢去野外旅游探险，那边通常都没有信号，但是有了Mate60，就算没有信号，也能通过卫星功能给家里人报平安,"['信号', '报平安', 'Mate60', '探险', '野外']","[0.2069929838180542, 0.7930070757865906]"
运气绝了，感觉就像是做梦一样！6000元,"['6000', '运气', '做梦', '像是', '感觉']","[0.2520102858543396, 0.7479897141456604]"
人生总该有一次说走就走的旅行，在自然深处，遇见真我。系列卫星通话，便是这条探索之路的好搭档。在浩瀚无际的海面，在壮阔辽远的沙漠，在重峦叠嶂的山林，打不通的电话用卫星打，让出行更安心，让家人更放心。卫星通话，纵横山海。10月9月，锁定华为天猫官方旗舰店，展开c,"['卫星', '通话', '好搭档', '重峦叠嶂', '10']","[0.24847662448883057, 0.7515234351158142]"
人生总该有一次说走就走的旅行，在自然深处，遇见真我。系列卫星通话，便是这条探索之路的好搭档。在浩瀚无际的海面，在壮阔辽远的沙漠，在重峦叠嶂的山林，打不通的电话用卫星打，让出行更安心，让家人更放心。卫星通话，纵横山海。10月9月，锁定华为天猫官方旗舰店，专为抢又抢不到，等又等不及的朋友铺路，现货速来！L天猫的微博视频收起d,"['天猫', '卫星', '通话', '好搭档', '重峦叠嶂']","[0.25104010105133057, 0.7489598393440247]"
遥遥无期华为mate60,"['mate60', '遥遥无期', '华为']","[0.2644554376602173, 0.7355445027351379]"
还差一部就齐全了爸妈和我，全家遥遥领先,"['爸妈', '遥遥领先', '齐全', '全家', '一部']","[0.23571835458278656, 0.7642815709114075]"
用过系列才知道！尤其是搭载了十档可变光圈和XMAGE影像技术，让其在长焦和背景虚化拍摄的表现上，都有着十分出色的表现。另外支持光学防抖，是宠物摄影的不二选择,"['十档', 'XMAGE', '长焦', '虚化', '防抖']","[0.2664322555065155, 0.7335677146911621]"
系列拍照效果大揭秘！近日我用华为手机拍了几张猫咪照片，发现实力果然遥遥领先！作为影像旗舰机，你以为人像模式只能拍人？毛孩子们表示不服！这些萌照无论是色彩还是清晰度，都能让你切实感受到。,"['猫咪', '我用', '旗舰机', '拍人', '萌照']","[0.24779702723026276, 0.7522029280662537]"
"每个宠物都值得拥有自己的证件照！系列是个好选择，搭载的超光变主摄,支持十档可变光圈，还有3.5X光学变焦以及5cm长焦微距，？用它给家里的宠物拍套肖像大片试试看吧～","['宠物', '十档', '证件照', '主摄', '3.5']","[0.250868022441864, 0.7491320371627808]"
原来这就是喵届的时尚新风向！用系列，看看这些照片就知道！全焦段超清影像，轻松拍摄宠物肖像大片，随时随地记录你家毛孩子的成长点滴,"['全焦', '超清', '毛孩子', '新风', '宠物']","[0.25829535722732544, 0.7417046427726746]"
据说只有养过猫的人，才能懂得猫咪的这些萌点！系列镜头下的猫咪，可盐可甜可温柔，可静可动可听话……分分钟被它吸引住。用人像模式拍拍就知道～,"['猫咪', '养过', '萌点', '可盐', '可甜']","[0.2805213928222656, 0.7194786667823792]"
早上掐点抢的3秒创建但是看到11月21日前发货晕了昨天线下还预定了一台看哪个到货快吧,"['掐点', '11', '21', '发货', '到货']","[0.31498995423316956, 0.6850100159645081]"
Mate60Pro拍风景也绝了吧，这次去川西大派用场，长焦微距yyds，拍摄的雪山河流草地和土拨鼠直接赞爆朋友圈。而且虽然国庆人多，但是信号超好！谁用谁不得说一句遥遥领先！！,"['朋友圈', 'Mate60Pro', '大派', '长焦', '微距']","[0.2805528938770294, 0.719447135925293]"
鸿蒙系统的下拉搜索很难用，第一功能使用频率不高，二是动画卡顿延迟能察觉到。下拉操作改为通知栏会更好，搜索不是一个常用功能，而通知栏是最常用的，下拉改为通知栏状态栏合体，然后搜索添加一个横条加进去就行了,"['搜索', '通知', '常用', '改为', '横条']","[0.3073038160800934, 0.692696213722229]"
有要的吗,['有要'],"[0.29098373651504517, 0.7090162634849548]"
降降降‼️‼️时价时价记得多询价,"['时价', '降降', '询价', '记得']","[0.2789043188095093, 0.721095621585846]"
国庆不出游，在家瞎拍的大片！2湛江·华为授权体验店(鼎盛广场店),"['华为', '鼎盛', '出游', '湛江', '体验']","[0.25838056206703186, 0.7416195273399353]"
不抢了不抢了，遥遥领先的pro手机买不到，先买个pro3耳机压压惊，安安心心的pro,"['pro', 'pro3', '安安心心', '先买', '压惊']","[0.2599371075630188, 0.7400628328323364]"
2黄石·华为授权体验店(黄石港万达店),"['黄石', '万达', '华为', '体验', '授权']","[0.25038716197013855, 0.7496128082275391]"
华为mate60,"['mate60', '华为']","[0.28534170985221863, 0.7146583199501038]"
办公室一人一块钱众筹给我买小组件然后我允许他们每天在我手机上敲木鱼上香哈哈哈哈哈哈,"['哈哈哈', '众筹', '一块钱', '木鱼', '小组']","[0.22556130588054657, 0.7744386792182922]"
虽然但是，同样1万预算，我可能还是会选这样的数码产品比较好玩。过万的包和几百的包，实用性也就55开吧？,"['过万', '55', '会选', '数码产品', '实用性']","[0.29932549595832825, 0.7006744742393494]"
来，找找亮点👀看看聪明的金粉有没有发现什么,"['金粉', '亮点', '聪明', '有没有', '看看']","[0.25622811913490295, 0.7437718510627747]"
苦等，遥遥无期华为mate60,"['mate60', '遥遥无期', '华为']","[0.27310678362846375, 0.7268932461738586]"
华为5G麒麟芯片的重要性算得上当代的两弹一星！这段分析很有高度……,"['5G', '两弹一星', '华为', '麒麟', '算得']","[0.28096774220466614, 0.7190322875976562]"
华为mate60系列麒麟9000S芯片真的遥遥领先吗？L科技圈同学的微博视频,"['mate60', '9000S', '微博', '华为', '遥遥领先']","[0.28319990634918213, 0.7168001532554626]"
感觉好不习惯，拍照确实不行，尤其是对着我的猫，黑黑的，但是不杀后台，很多设计是更方便了，很多设计比苹果人性太多了，流畅度也比我想象中好很多，对比苹果是有差距但也有可能是我不习惯，相册啊返回啊确实是操作习惯问题吧，纠结中，感觉信号比我的苹果好点，但也不是好很多，不知道在高铁上表现如展开c,"['苹果', '很多', '习惯', '中好', '确实']","[0.30816298723220825, 0.6918370723724365]"
感觉好不习惯，拍照确实不行，尤其是对着我的猫，黑黑的，但是不杀后台，很多设计是更方便了，很多设计比苹果人性太多了，流畅度也比我想象中好很多，对比苹果是有差距但也有可能是我不习惯，相册啊返回啊确实是操作习惯问题吧，纠结中，感觉信号比我的苹果好点，但也不是好很多，不知道在高铁上表现如何，纠结留不留收起d,"['苹果', '纠结', '很多', '习惯', '中好']","[0.3239516317844391, 0.6760483384132385]"
喜欢来了,['喜欢'],"[0.24528023600578308, 0.7547197341918945]"
❗️你们等的那个“5”它来了🤩外面一机难求，这里有稀缺现货！📱折叠界顶流华为MateX5典藏版「青山黛」现货预约互动通道开启！速来！不错过任何一个抢先提货的机会～🛒👇预约规则详见下方⏰活动时间：2023年10月4日至10月15日✅参与方式：1.带双话题展开c,"['10', '预约', '现货', '典藏版', '一机']","[0.29371190071105957, 0.7062880992889404]"
❗️你们等的那个“5”它来了🤩外面一机难求，这里有稀缺现货！📱折叠界顶流华为MateX5典藏版「青山黛」现货预约互动通道开启！速来！不错过任何一个抢先提货的机会～🛒👇预约规则详见下方⏰活动时间：2023年10月4日至10月15日✅参与方式：1.带双话题和转发+评论此条微博，未按要求转发则视为未成功参与；2.截止10月15日20:00，评论区最高点赞数且点赞数超过500的1位粉丝将获得购买资格（需同时符合），并需在3日内私信提供预约信息，并在30日内完成购买，否则购买资格作废，顺延下一位；3.购买方式将与确认购买资格的信息一起在活动结束后，发送给预约成功的粉丝。折叠引领者实力登场，带你抢先收获轻薄全能极致体验，一直遥遥领先！cdf三亚凤凰机场免税店收起d,"['10', '预约', '购买', '15', '资格']","[0.2784160077571869, 0.7215839624404907]"
爱看你笑,['爱看'],"[0.30933958292007446, 0.6906604170799255]"
遥遥领先,['遥遥领先'],"[0.20758002996444702, 0.7924199104309082]"
我的牛油果热狗面包手机壳,"['牛油果', '热狗', '面包', '手机']","[0.25818660855293274, 0.7418133616447449]"
卡姿兰大眼睛,"['卡姿', '兰大', '眼睛']","[0.31671959161758423, 0.6832804679870605]"
时尚是个轮回，背起来真好看,"['轮回', '好看', '时尚', '起来']","[0.19958683848381042, 0.8004131317138672]"
等了一个月终于到手,"['到手', '一个月', '终于']","[0.18775653839111328, 0.8122435212135315]"
这次真的被华为美到了,"['美到', '华为', '真的', '这次']","[0.24721285700798035, 0.7527871131896973]"
震惊了,['震惊'],"[0.2982310950756073, 0.7017689943313599]"
新买的壳子,"['新买', '壳子']","[0.27469995617866516, 0.7253000140190125]"
终于到手了！,"['到手', '终于']","[0.2095986157655716, 0.7904013991355896]"
2上海·华为旗舰店·上海南京东路,"['上海南京东路', '华为', '旗舰店', '上海']","[0.21973499655723572, 0.7802650332450867]"
预订了，排队等了一个多月，遥遥领先要变遥遥无期。货呢？？？哪去了。？为啥黄牛手上一堆，正常人都抢不到。@华为终端真的被恶心到了,"['要变', '哪去', '遥遥无期', '华为', '遥遥领先']","[0.30414411425590515, 0.6958558559417725]"
华为Mate60的回归，对国内别家的几个手机厂商是好事还是坏事？说个违反多数人认知，却是事实的事:华为被美国制裁之后，OVM的利润占比不涨反降了。华为被制裁之前，2018Q1到2019Q2全球手机营业利润趋势是这样的：苹果百分之六七十份额很高，但除了华为三星之外，OVM也有好几个百分点。然而华为被制展开c,"['华为', 'OVM', '制裁', '百分之六七', '手机']","[0.3679814040660858, 0.6320186257362366]"
华为Mate60的回归，对国内别家的几个手机厂商是好事还是坏事？说个违反多数人认知，却是事实的事:华为被美国制裁之后，OVM的利润占比不涨反降了。华为被制裁之前，2018Q1到2019Q2全球手机营业利润趋势是这样的：苹果百分之六七十份额很高，但除了华为三星之外，OVM也有好几个百分点。然而华为被制裁之后，2022Q2~2023Q2全球手机营业利润趋势却是这样的：苹果超过了80%，三星一般超过10%，其他所有手机厂商就分剩下的那几个百分点。比如2023Q2苹果营业利润份额85%，三星12%，加起来就97%了。也就是说，只剩下3%才是其他两百多家手机厂商分的，所以我们能看到图中OVM的利润占比是贴近0%的。这两张图对比后我们会发现：华为被制裁之后，小米OPPOvivo的利润占比真的是不涨反降的。意不意外？为什么会这样呢？因为近几年手机是存量市场，行业蛋糕基本没啥变化，然而在没华为手机和海思麒麟竞争之后，苹果高通联发科台积电却把更多的利润拿走了，自然留给其他厂商的就更少了。也是因此，不仅OVM等厂商利润占比下降，甚至很多厂商淡出消失了。今天新鲜出炉的数据，七年时间少了近500家。当然，过去利润占比更高，不代表现在，不代表未来，自然也不代表华为回归对其他国产厂商真就是百分之百的好事。挑战和机遇往往是并存的。就华为被美国制裁这件事，当初看挑战多大？机遇在哪？然而现在回头看呢？所以关键在于，华为Mate60系列上5G和麒麟的回归之后，其他家厂商是怎么应对的，应对的结果怎么样。在这一过程中，企业内外的每一项决策都可能改变很多的东西，也就是说市场竞争是有很大的不确定性的，从来就没有什么命中注定。这，才是市场竞争的意义和魅力所在。所以对其他厂商来说，是好事还是坏事现在说为时尚早。可能百分百确定的是：华为Mate60系列上5G和麒麟的回归，对消费者来说是好事。喜欢用华为的，有5G麒麟手机买了。不喜欢华为的，高通降价了，联发科估计也会降，台积电也得跟着苹果销量份额受影响，以后挤牙膏的概率下降了……这些，是不是好事？在华为Mate60Pro上市后，之前前10不见踪影的华为商城，猛然间登上了AppStore购物应用榜的榜一。9月8日Mate60Pro+和MateX5上市，又再一次登顶AppStore，这次甚至是总榜。市场，有竞争才有活力。这几年，苹果高通台积电联发科，很好地用实际行动证明了这一句话的正确性。收起d,"['华为', '厂商', '利润', '手机', 'OVM']","[0.4496751129627228, 0.5503249168395996]"
遥遥领先了,['遥遥领先'],"[0.2762751877307892, 0.7237247824668884]"
出遥遥领先华为mate60pro一台，现货在手上，全新未拆封，太原市内可送货上门。2太原,"['送货上门', 'mate60pro', '拆封', '太原市', '华为']","[0.27567192912101746, 0.7243281006813049]"
咱就是说华为mate60啥时候才能抢到@华为云@华为终端,"['华为', 'mate60', '啥时候', '就是说', '终端']","[0.30431193113327026, 0.6956880688667297]"
发布了头条文章：《华为将发5.5G新品，Mate60供应链爆单，Pro+或成同系销量最差版本》O华为将发5.5G新品，Mate60供应链爆单，Pro+或成同系销量最差版本,"['将发', '5.5', 'Mate60', '爆单', 'Pro']","[0.24346794188022614, 0.7565320134162903]"
非，是不断地舍弃否定坚持创造的能力；凡，是认真踏实勤奋不断前行的勇气。一起听。L_华为人的微博视频,"['微博', '华为', '不断', '舍弃', '勤奋']","[0.2717607021331787, 0.7282393574714661]"
发布了头条文章：《华为Mate60系列供应链爆满，出货增至2000万台，还将发布5.5G新品》O华为Mate60系列供应链爆满，出货增至2000万台，还将发布5.5G新品,"['Mate60', '2000', '5.5', '爆满', '华为']","[0.26287248730659485, 0.7371274828910828]"
真的就遥遥领先了，好不容易抢到的华为全家桶，华为WATCHGT4，华为Mate60Pro和华为MatePadPro，还差一台MateX5和问界M7就圆满了，🈶兄弟给我安排一波嘛,"['华为', 'WATCHGT4', 'Mate60Pro', 'MatePadPro', 'MateX5']","[0.26352375745773315, 0.7364762425422668]"
发布了头条文章：《华为10亿美元专利费遭美国企业拒付，威瑞森公司最终选择和解！》O华为10亿美元专利费遭美国企业拒付，威瑞森公司最终选择和解！,"['专利费', '拒付', '10', '威瑞森', '华为']","[0.2482527643442154, 0.751747190952301]"
三件套拥有了，这把真遥遥领先了！,"['三件套', '遥遥领先', '拥有']","[0.2916093170642853, 0.7083906531333923]"
酷安9月机型热度榜出炉，华为Mate60Pro遥遥领先！9月份是华为和苹果的舞台，华为Mate60ProiPhone15ProMax和iPhone15占据热度榜前三，Mate60Pro更是断层式领先！荣耀Magic5Pro因为系统推送引发大量机主讨论，热度依旧稳健。#荣耀magic5展开c,"['华为', '热度', 'Mate60Pro', '荣耀', '机主']","[0.28984397649765015, 0.7101560235023499]"
酷安9月机型热度榜出炉，华为Mate60Pro遥遥领先！9月份是华为和苹果的舞台，华为Mate60ProiPhone15ProMax和iPhone15占据热度榜前三，Mate60Pro更是断层式领先！荣耀Magic5Pro因为系统推送引发大量机主讨论，热度依旧稳健。收起d,"['华为', '热度', 'Mate60Pro', '机主', '酷安']","[0.28020408749580383, 0.7197958827018738]"
Mate60Rs非凡大师1TB典藏,"['Mate60Rs', '1TB', '典藏', '非凡', '大师']","[0.27311259508132935, 0.7268873453140259]"
是花粉，也是米粉，也可以是果粉,"['果粉', '米粉', '花粉', '可以']","[0.27720049023628235, 0.7227995991706848]"
来龙川佗城走走吧,"['佗城', '龙川', '走走']","[0.2503202259540558, 0.7496798038482666]"
靠旗舰机就把整个销量拉到了国内份额第一，这放货量很吓人了吧？现在没货明显是产能不足，为什么一些人还死咬着饥饿营销？,"['旗舰机', '这放', '货量', '没货', '吓人']","[0.31600794196128845, 0.6839920878410339]"
很实用的功能,"['实用', '功能']","[0.22475995123386383, 0.7752401232719421]"
【掀起山东订车热潮！AITO问界新M7系列24.98万元起售，发布即交付！】OAITO问界新M7系列24.98万元起售，发布即交付！,"['问界', 'M7', '24.98', '起售', '交付']","[0.227799192070961, 0.7722008228302002]"
哈哈哈哈哈哈哈哈哈线下买到了,"['哈哈哈', '线下', '买到']","[0.24714915454387665, 0.7528508305549622]"
野外探险的必备神器，再也不用担心没有信号啦，通过卫星通话，就可以联系紧急联系人，保障自己的人身安全,"['人身安全', '神器', '联系人', '必备', '通话']","[0.22028420865535736, 0.7797157764434814]"
遥遥领先这个4G速度还可以,"['4G', '遥遥领先', '速度', '这个', '可以']","[0.24200421571731567, 0.7579957842826843]"
我嘞个豆，华为Mate60Pro戒断反应如何解决？L学长东桑的微博视频,"['学长', '戒断', 'Mate60Pro', '东桑', '微博']","[0.27232977747917175, 0.7276701927185059]"
平时我很喜欢去野外旅游探险，那边通常都没有信号，但是有了Mate60，就算没有信号，也能通过卫星功能给家里人报平安,"['信号', '报平安', 'Mate60', '探险', '野外']","[0.2069929838180542, 0.7930070757865906]"
带你看山河美景,"['美景', '山河']","[0.22249147295951843, 0.777508556842804]"
就这么点儿货，多少人抢？,"['这么点儿', '多少']","[0.27488642930984497, 0.725113570690155]"
你到底想怎么样？,"['怎么样', '到底']","[0.25448042154312134, 0.7455195784568787]"
没办法，已经有了遥遥领先了2济宁·济宁太白路万达广场,"['济宁', '太白路', '万达', '遥遥领先', '广场']","[0.24986940622329712, 0.7501306533813477]"
发货了，坐着飞机过来了。,"['发货', '飞机', '过来']","[0.25573229789733887, 0.7442677021026611]"
华为mate60成苹果最大变数，机构预估由于市场环境和对手崛起的原因，今年iphone的全年生产总数同比将减少约5%苹果L创物智的微博视频,"['苹果', 'mate60', 'iphone', '5%', '创物智']","[0.24736540019512177, 0.752634584903717]"
PixLabV1和PixLabX1，你的打印伴侣！多种设备轻松打印，只需简单操作，🔘Pro13.2：一拉一拽，打印超快；🔘XPro：自动弹窗，一“印”俱全；🔘Pro+：随时随地，想印就印。,"['打印', 'PixLabV1', 'PixLabX1', 'Pro13.2', '一拉一']","[0.2343904674053192, 0.7656095027923584]"
中秋国庆好去处，快来佛山祖庙和欢乐海岸打卡啦，参与景区影像美图投稿，还有机会赢取华为Mate60Pro+等好礼哦~2佛山·华侨城欢乐海岸PLUS,"['佛山', '欢乐', '海岸', '打卡', 'Mate60Pro']","[0.3382246494293213, 0.6617754101753235]"
2原平,['原平'],"[0.31941112875938416, 0.6805889010429382]"
稍微领先,"['稍微', '领先']","[0.1978384256362915, 0.8021615743637085]"
2枣庄,['枣庄'],"[0.2672847509384155, 0.7327152490615845]"
🏝️PLOG｜明星假期大放送‼️原来遥遥领先式SD图鉴，超多明星同款尽在山东华为线下门店🤳2烟台,"['明星', '图鉴', 'PLOG', '大放送', 'SD']","[0.2435406893491745, 0.7564592957496643]"
遥遥领先又来了，造谣其它手机厂商的时候，想不到会被反噬吧华为,"['反噬', '华为', '造谣', '遥遥领先', '厂商']","[0.2963447868824005, 0.7036551237106323]"
我真的不懂，为什么官方对于手机何时能发货是只字不提，抢又抢不到，又不想加价买，为什么要让人的期待一点点消磨殆尽呢。新闻曝光一天能生产20w台，那么多手机去哪了呢。,"['手机', '20w', '为什么', '只字不提', '何时能']","[0.3292693793773651, 0.6707306504249573]"
发现一部，竟然还能收到EMUI而不是鸿蒙的系统更新推送。2019年发布的手机，放到现在也都还够用，就是屏幕是60Hz的。不过也并无大碍，毕竟2023年发布的5000+价位的机型还有不上高刷的呢感觉最适合换系列的就是Mate30系列及之前的老用户了，既可以获得全方位的体验提展开c,"['系列', '还够用', 'EMUI', '2019', '60Hz']","[0.2981273829936981, 0.7018725872039795]"
发现一部，竟然还能收到EMUI而不是鸿蒙的系统更新推送。2019年发布的手机，放到现在也都还够用，就是屏幕是60Hz的。不过也并无大碍，毕竟2023年发布的5000+价位的机型还有不上高刷的呢感觉最适合换系列的就是Mate30系列及之前的老用户了，既可以获得全方位的体验提升，而且还有5G收起d,"['系列', '还够用', 'EMUI', '2019', '60Hz']","[0.30261269211769104, 0.6973873376846313]"
华为Mate60系列的最大突破在于其供应链运营的改进。然而，即使国内外的专业拆解人士进行深入分析，也尚未完全揭开华为Mate60系列的供应链之谜。华为在制造过程中采取了种种保密措施，使得通过普通手段很难获知手机内部其他功能芯片模块的制造商产地工艺以及芯片编号等信息。只有在麒麟9000芯片上，展开c,"['华为', '芯片', 'Mate60', '供应链', '系列']","[0.2678087055683136, 0.7321913838386536]"
华为Mate60系列的最大突破在于其供应链运营的改进。然而，即使国内外的专业拆解人士进行深入分析，也尚未完全揭开华为Mate60系列的供应链之谜。华为在制造过程中采取了种种保密措施，使得通过普通手段很难获知手机内部其他功能芯片模块的制造商产地工艺以及芯片编号等信息。只有在麒麟9000芯片上，我们才能看到“HIILICON（海思）”的丝印。这些隐蔽处理在保护国内供应链安全方面起到了至关重要的作用。收起d,"['华为', '供应链', '芯片', 'Mate60', '系列']","[0.24475698173046112, 0.7552430033683777]"
真的是太好用了，最喜欢他的支付方式，方便快捷！遥遥领先真不是说说而已,"['方便快捷', '遥遥领先', '而已', '支付', '喜欢']","[0.24093466997146606, 0.7590653300285339]"
睡不着看看遥遥领先的小尾巴～,"['小尾巴', '遥遥领先', '睡不着', '看看']","[0.24851323664188385, 0.7514867782592773]"
【答网友问节选】2023.10.09前两天有网友探讨提问，内容节选如下：网友问：星闪牛啊，节后应该不错吧？笔者答：华为概念三个方向：1星闪技术；2算力底座；3智能汽车——在下周持续性可期。不过节后的侧重点会在汽车，毕竟，而第一第二在节前都大炒过一阵展开c,"['节选', '网友', '节后', '第一第二', '2023.10']","[0.2634621560573578, 0.7365378737449646]"
【答网友问节选】2023.10.09前两天有网友探讨提问，内容节选如下：网友问：星闪牛啊，节后应该不错吧？笔者答：华为概念三个方向：1星闪技术；2算力底座；3智能汽车——在下周持续性可期。不过节后的侧重点会在汽车，毕竟，而第一第二在节前都大炒过一阵了，……（以上内容仅供参考，不构成推荐！）2曲靖收起d,"['节选', '网友', '节后', '第一第二', '2023.10']","[0.30673083662986755, 0.6932691335678101]"
标准版适合小手星人！去线下体验了一下Pro版本握持感不太好！太宽了！而且曲面选膜贴膜也不如直屏方便！之前用苹果小直屏已经习惯了我还是买个标准版吧！适合女孩子手持！,"['标准版', '适合', '星人', 'Pro', '选膜']","[0.24973534047603607, 0.750264585018158]"
缤纷假日，快乐启程。一步到位，呵护有加，让你假期用机更放心。点击O网页链接了解更多活动详情。【关注@华为终端客服+转发】随机抽1人送HUAWEIFreeBudsSE2无线耳机（陶瓷白）1个，截止2023年10月9日20:00。@微博抽奖平台O抽奖详情,"['抽奖', '详情', '用机', '人送', 'HUAWEIFreeBudsSE2']","[0.23089802265167236, 0.7691019177436829]"
华为Mate60Pro微距对比苹果iPhone13Pro3Pro，首先主摄方面，华为Mate60Pro对焦距离就更近，3倍镜头iPhone就根本对不上焦了，更不要说华为Mate60Pro还有更逆天的10倍镜头了，这样说个遥遥领先不过分吧？！,"['Mate60Pro', '华为', '镜头', '对焦', '微距']","[0.28980275988578796, 0.7101972103118896]"
华为mate60手机，512G到手实际只有460GB？？？哪怕按照算法不同，也应该是480G左右，除非这个手机是500G的硬盘，如果是500G，那么就是460G了。那么，华为算不算虚假宣传呢？@华为终端@华为中国@华为手机@华为商城@中国消费者协会@余承东,"['华为', '500G', '手机', 'mate60', '512G']","[0.27767327427864075, 0.7223267555236816]"
不是说好的遥遥领先呢1️⃣苹果相册导过去的live照不live了该镜像的不镜像了不该旋转的照片乱七八糟旋转2⃣️打视频无敌丑锐化超级严重还有延迟3⃣️系统好花哨啊贼不习惯我去买的时候只剩一台60了从此以后我的人设是商务精英男,"['live', '镜像', '旋转', '人设', '锐化']","[0.2857688367366791, 0.7142311930656433]"
被华为mate60微信视频丑哭的一晚上苹果12换华为mate60第4天：1.网速：华为嘎嘎牛；2.续航：华为牛，早9玩到晚6，能剩30多的电；3.兼容性：华为也不错，奥迪车因为换手机装了Hicar小盒子，目前体验感不错，很顺畅，小艺也比Siri给力；4.拍照：前置摄像头自拍失真，整个人又黄又红又灰，一言难展开c,"['华为', 'mate60', '网速', '自拍', '不错']","[0.32067692279815674, 0.6793230772018433]"
被华为mate60微信视频丑哭的一晚上苹果12换华为mate60第4天：1.网速：华为嘎嘎牛；2.续航：华为牛，早9玩到晚6，能剩30多的电；3.兼容性：华为也不错，奥迪车因为换手机装了Hicar小盒子，目前体验感不错，很顺畅，小艺也比Siri给力；4.拍照：前置摄像头自拍失真，整个人又黄又红又灰，一言难尽吧，不过好歹有美颜，平常自拍也不多，我能接受。但是今晚跟对象微信视频破大防了！！！丑爆了！比前置恐怖十倍！又老又灰又土，这一点华为mate60绝对是远远落后。无限放大你的缺点，让你怀疑人生，丧失自信的程度。拿这玩意网恋指定找不着对象。强烈建议遥遥领先官方后期升级系统时候给微信视频加个美颜功能！技术直男们请管管女性爱国消费者死活吧华为@华为终端客服@华为手机@我的华为@华为中国收起d,"['华为', 'mate60', '微信', '自拍', '美颜']","[0.45111966133117676, 0.5488803386688232]"
华为线上产品线，2024年618之前全面回归，麒麟+鸿蒙。首战即618，主要目标是红米回想起荣耀被收购前，拿着麒麟旗舰芯片，去杠红米的骁龙7系列。拿着麒麟中端芯片，去杠红米的骁龙6系列。而且在系统优化维护这块，也按着红米打，红米系统维护还不如小米。不知道明年618又会是怎展开c,"['618', '红米', '麒麟', '杠红米', '骁龙']","[0.292372465133667, 0.707627534866333]"
华为线上产品线，2024年618之前全面回归，麒麟+鸿蒙。首战即618，主要目标是红米回想起荣耀被收购前，拿着麒麟旗舰芯片，去杠红米的骁龙7系列。拿着麒麟中端芯片，去杠红米的骁龙6系列。而且在系统优化维护这块，也按着红米打，红米系统维护还不如小米。不知道明年618又会是怎样的一场腥风血雨收起d,"['618', '红米', '麒麟', '杠红米', '骁龙']","[0.28919166326522827, 0.7108083367347717]"
明天A股要是开盘了！刚刚得知3个重要消息，让人彻底的失望透顶了，究竟怎么回事？第一：在长假时间，果然没有让大家过得安稳，首先是A股市场中让人失望透顶的消息，首先是浙江国祥IPO被叫停，我想大家应该都知道，这家企业原本以前就是在A股已经上市的企业，但由于业绩表现差，最终被其他企业并购重展开c,"['A股', '失望透顶', '企业', '国祥', 'IPO']","[0.26621013879776, 0.73378986120224]"
明天A股要是开盘了！刚刚得知3个重要消息，让人彻底的失望透顶了，究竟怎么回事？第一：在长假时间，果然没有让大家过得安稳，首先是A股市场中让人失望透顶的消息，首先是浙江国祥IPO被叫停，我想大家应该都知道，这家企业原本以前就是在A股已经上市的企业，但由于业绩表现差，最终被其他企业并购重组了。而现在他们又重新上市并且高价发行，这才是让大家失望，觉得让大家难以相信的事实，而最根本性的原因还是在于由自媒体人发现的，这才是最关键的。这就意味着如果说没有媒体的人发现，这家企业是不是成功的发行了？这家企业是不是又能够成功的来A股市场圈钱了？背后制定价格高价发行的人，背后推动这家公司上市的看门人守护人，此时此刻，深刻认识到问题的严重性。这将会让散户对A股市场彻底的失去信心，你们知道吗？所以这对于A股市场来说是一个大利空，因为最近几个月A股市场的利空原因，A股本身的问题所在，这才是交易持续降低的关键原因。第二：外围市场也不平静，比如说原油价格的突然性大跌；但是巴基斯坦以及以色列爆发新一轮大规模冲突，这将会引发原油价格的大幅度上涨。原油价格可能会再次突破100美元一桶，这也就意味着，距离现在的价格，还有将近20%的上涨空间。所以明天原油相关概念股又将会出现大幅度的上涨，天然气的价格也是同理。这就是外围市场不平静的原因，导致A股市场相关股票的上涨，因为价格的上涨驱动的相关股票的上涨。第三：外围市场还有一个非常不平静的问题，那就是全球股市的下跌，特别是恒生指数出现了大幅度的下跌。包括A50期货指数也出现了大幅度的下跌，热门中概股大幅度下跌。这些外部因素影响了咱们A股市场的做多情绪，同时又支撑了做空的因素。所以这条消息对于咱们明天A股来说是利空的，我相信此时此刻所有散户的内心，也是非常的纠结以及忐忑。收起d,"['A股', '大幅度', '市场', '这家', '上涨']","[0.4562891721725464, 0.5437107682228088]"
用了七八年的🍎系统今年还说挑战一下mate60.哦哟高估了我自己的适应力这像素简直不要太拉垮了把人整神😑除了像素其他都很OK希望后期华为的工程师们持续更新算法拯救像素,"['像素', 'mate60', '太拉垮', '整神', 'OK']","[0.3358457088470459, 0.6641542911529541]"
以前一天跑几个地方现在几天呆一个地方想着在沙山上看落霞看星星的，就来了。--敦煌月牙泉2敦煌,"['敦煌', '--', '月牙泉', '落霞', '沙山']","[0.28858867287635803, 0.7114112973213196]"
美景,['美景'],"[0.2743796408176422, 0.7256203293800354]"
上海哪里能买到遥遥领先512g雅川青的现货啊,"['512g', '雅川青', '遥遥领先', '现货', '哪里']","[0.312325119972229, 0.6876749396324158]"
拍到了一个爱心！❤️国庆收假啦！拿到了华为mate60pro！这几天拍了一下！,"['收假', 'mate60pro', '拍到', '华为', '爱心']","[0.23603904247283936, 0.7639610171318054]"
想抢512G，结果抢完发现是1T的，有人需要吗,"['512G', '1T', '有人', '结果', '发现']","[0.2656417489051819, 0.7343582510948181]"
西北工业大学：遥遥领先华为,"['西北工业大学', '华为', '遥遥领先']","[0.22517907619476318, 0.7748209238052368]"
户外神器，妈妈再也不用怕我走丢了2珠海,"['神器', '户外', '珠海', '妈妈', '再也']","[0.20296841859817505, 0.7970315217971802]"
户外神器，妈妈再也不用怕我走丢了2珠海·富华里,"['富华', '神器', '户外', '珠海', '妈妈']","[0.22318117320537567, 0.7768188714981079]"
买华为MATE60PRO奇遇今天傍晚七点多，突然想去华为手机店看看华为手机。来到距离最近的太湖路店。问售货员有没有MATE60PRO现货。两个女售货员神秘的说真的有一台，说你喜欢黑色的512G的吗？我仔细看了看柜台展示的黑色款，虽然不是我想要的白色，黑色其实也很好。经过短暂的沟通，我决定买下这台非展开c,"['华为', 'MATE60PRO', '售货员', '黑色', '手机店']","[0.2726689577102661, 0.7273309826850891]"
买华为MATE60PRO奇遇今天傍晚七点多，突然想去华为手机店看看华为手机。来到距离最近的太湖路店。问售货员有没有MATE60PRO现货。两个女售货员神秘的说真的有一台，说你喜欢黑色的512G的吗？我仔细看了看柜台展示的黑色款，虽然不是我想要的白色，黑色其实也很好。经过短暂的沟通，我决定买下这台非常难得的华为手机。从家里出发到买到，总共不超过30分钟。非常意外的一次购物经历，非常奇特的感觉！收起d,"['华为', 'MATE60PRO', '售货员', '黑色', '非常']","[0.1839308887720108, 0.8160691261291504]"
远赴人间惊鸿宴，一睹人间盛世颜！登顶的快乐；一方面是视觉给的，另一方面是心灵给的；但归根结底还是内心的满足。YYDS！远赴老君山，只为目睹这惊鸿一瞥！2洛阳,"['人间', 'YYDS', '惊鸿一瞥', '登顶', '惊鸿']","[0.29917189478874207, 0.7008280754089355]"
远赴人间惊鸿宴，一睹人间盛世颜！登顶的快乐；一方面是视觉给的，另一方面是心灵给的；但归根结底还是内心的满足。YYDS！远赴老君山，只为目睹这惊鸿一瞥！,"['人间', 'YYDS', '惊鸿一瞥', '登顶', '惊鸿']","[0.30848750472068787, 0.6915124654769897]"
华为继语音助手小艺之后，华为小艺输入法也已经接入盘古大模型，可在会员中心体验beta版（目前只适配Mate60系列）,"['小艺', '华为', '会员中心', '适配', '输入法']","[0.2965504825115204, 0.7034494876861572]"
这也太好运了吧，运气真的爆棚了！,"['爆棚', '好运', '运气', '真的']","[0.18724949657917023, 0.8127504587173462]"
☞——Mate60🆚P60☜【】昆仑玻璃更薄的机身厚度5G频段更大的内存及储存版本……【】更出色的处理器更大的电池容量更好的后置主摄镜头X轴线性马达更轻的机身重量更低的官方售价……【二者的相同之处】屏幕材质柔性屏幕分辨率及刷新展开c,"['屏幕', '机身', '电池容量', '更大', 'Mate60']","[0.31147462129592896, 0.688525378704071]"
☞——Mate60🆚P60☜【】昆仑玻璃更薄的机身厚度5G频段更大的内存及储存版本……【】更出色的处理器更大的电池容量更好的后置主摄镜头X轴线性马达更轻的机身重量更低的官方售价……【二者的相同之处】屏幕材质柔性屏幕分辨率及刷新率高频PWM调光内存及储存规格有线及无线充电前置相机后置长焦镜头防抖水平变焦能力十档可变光圈指纹识别面部识别NFC红外遥控双扬声器IP68防尘防水双向北斗卫星消息中框材质……收起d,"['内存', '后置', '屏幕', '材质', '镜头']","[0.3909107744693756, 0.609089195728302]"
好好看呀,['好好看'],"[0.2827390432357788, 0.7172609567642212]"
出去玩一台Mate60就够了,"['Mate60', '就够', '出去玩', '一台']","[0.2212858945131302, 0.778714120388031]"
很有食欲😍😍😍,['食欲'],"[0.2214357852935791, 0.7785642743110657]"
闺蜜一起遥遥领先,"['闺蜜', '遥遥领先', '一起']","[0.23343001306056976, 0.7665700316429138]"
Pro的续航只能算中规中矩，说他强，对比我之前的Magic5确实不怎么亮眼，说他不强，这满血120Hz开着其实满电亮屏6小时左右也能接受,"['满血', '满电', 'Pro', 'Magic5', '120Hz']","[0.2881646454334259, 0.7118353247642517]"
2泰安·三源家电,"['三源', '泰安', '家电']","[0.26553794741630554, 0.7344620227813721]"
遥遥领先啦,['遥遥领先'],"[0.2969842255115509, 0.7030158042907715]"
这个vivo手机用的我有些奔溃，我希望预订的“遥遥领先”可以快点到手上！,"['vivo', '奔溃', '遥遥领先', '预订', '快点']","[0.20893418788909912, 0.7910658121109009]"
冷知识！！！,['知识'],"[0.2883145213127136, 0.7116855382919312]"
冷知识：经线下尝试，AITO问界M7的交车效率吊打Mate60Pro的到货效率也就是说，你同时大订车和Mate60Pro，有不小的概率是车先到,"['Mate60Pro', '效率', '吊打', 'AITO', '问界']","[0.4317900538444519, 0.5682098865509033]"
喜提mate60pro1TB我也遥遥领先啦,"['喜提', 'mate60pro1TB', '遥遥领先']","[0.26067212224006653, 0.7393279075622559]"
前几天我去华为实体店问华为Mate60系列有没有现货，当时店员就说Mate60和60Pro都要等，最抢手的是Mate60Pro的256GB版本，要等30多天。我掐指一算，这不就等到双十一去了？当然华为Mate60系列缺货也很正常，虽然麒麟9000S芯片的代工方至今没有公开，但产能肯定还比较有限。毕竟这次麒麟9000S的展开c,"['Mate60', '华为', '9000S', '麒麟', '系列']","[0.32230302691459656, 0.677696943283081]"
前几天我去华为实体店问华为Mate60系列有没有现货，当时店员就说Mate60和60Pro都要等，最抢手的是Mate60Pro的256GB版本，要等30多天。我掐指一算，这不就等到双十一去了？当然华为Mate60系列缺货也很正常，虽然麒麟9000S芯片的代工方至今没有公开，但产能肯定还比较有限。毕竟这次麒麟9000S的性能虽然不算最强，但也赶上高通的上代8系芯片了。同时也意味着这颗芯片的生产难度肯定不小，从而导致Mate60系列的产能上不来，一直缺货到现在。另外听说今年9月的国产手机市场，华为已经重回第一了，说明华为Mate60系列是真的很抢手，完全是处于供不应求的状态。毕竟很多华为用户等了整整三年，才等到华为的5G新机。那么等这一批华为老用户都换上Mate60系列之后，市场的需求自然也会慢慢降下来，到时候Mate60系列应该就比较好买了。所以不着急换手机的网友可以再等一个月看看！收起d,"['Mate60', '华为', '系列', '芯片', '9000S']","[0.3398072421550751, 0.6601927280426025]"
标准版这颗5X长焦素质还是不错的2西安·大唐不夜城,"['标准版', '5X', '长焦', '不夜城', '这颗']","[0.2731601893901825, 0.7268398404121399]"
华为mate60真的好多功能都震惊到我了,"['mate60', '华为', '多功能', '震惊', '真的']","[0.25067755579948425, 0.7493224740028381]"
#华为影像XMAGE,"['XMAGE', '华为', '影像']","[0.2798255980014801, 0.7201744318008423]"
华为在9月份荣登国产手机销量第1名，这是时隔三年之后，华为再次回到了国产第一的位置。并且这一次呢是一种纯质量打法，因为销售的手机绝大部分都是高端，这苹果也造成了很大的压力。目测华为在9月份mate60系列的出货量可能接超260万台这是一个什么数字呢？相当于国内任展开c,"['华为', 'mate60', '接超', '260', '国产手机']","[0.3131117820739746, 0.6868881583213806]"
华为在9月份荣登国产手机销量第1名，这是时隔三年之后，华为再次回到了国产第一的位置。并且这一次呢是一种纯质量打法，因为销售的手机绝大部分都是高端，这苹果也造成了很大的压力。目测华为在9月份mate60系列的出货量可能接超260万台这是一个什么数字呢？相当于国内任何一家手机企业拿出来的5000元以上手机的全年销量*………实际上国内的其他手机厂商将主力高端机型的定价普遍在4000-5000收起d,"['华为', '手机', '5000', '高端', '销量']","[0.2571238875389099, 0.7428761720657349]"
摄于宁德市霞浦县，夕阳无限好，记录渔民的劳作日常，抓拍渔民撒网捕鱼的精彩瞬间2宁德·霞浦,"['渔民', '撒网捕鱼', '霞浦县', '霞浦', '摄于']","[0.29291072487831116, 0.7070891857147217]"
华为安徽总部落户骆岗公园会不会有安徽旗舰店？2合肥·骆岗[地铁站],"['骆岗', '安徽', '地铁站', '华为', '旗舰店']","[0.269016295671463, 0.7309836745262146]"
不是广告！不是做梦！中大奖啦！中大奖啦！中大奖啦！重要的事情说三遍！,"['中大奖', '三遍', '做梦', '不是', '广告']","[0.2527759373188019, 0.7472240924835205]"
为什么华为手机开机会有诺基亚铃声呀？不懂就问，是我穿越了吗？好神奇啊！！L林妹妹有话说的微博视频,"['有话', '微博', '华为', '林妹妹', '诺基亚']","[0.27058571577072144, 0.7294142842292786]"
今日手速全开谢谢搞快点！,"['手速', '全开', '快点', '谢谢', '今日']","[0.29276856780052185, 0.7072314620018005]"
旧手机用了五年了想换，奈何根本买不到,"['买不到', '奈何', '五年', '手机', '根本']","[0.19324830174446106, 0.8067516684532166]"
【上新通知】Pro/Pro+/RS定制0.25mm曲面UV已上架更清晰更轻薄！需要的可以上车了！,"['Pro', 'RS', '0.25', 'mm', 'UV']","[0.27877357602119446, 0.7212264537811279]"
这个我觉得不尽然，也不成立，起码苹果的市场地位，无论是品牌还是体验，依然是最强的。,"['不尽然', '最强', '起码', '苹果', '体验']","[0.2713114619255066, 0.7286885380744934]"
中美日韩四国旗舰手机的PK，说实话国际市场上，如果公平竞争，没有一个是中国手机的对手！,"['美日韩', '手机', 'PK', '公平竞争', '旗舰']","[0.32966867089271545, 0.6703312993049622]"
这几天出去旅游，街上和店里好多人来搭讪，全是“哇遥遥领先，遥遥领先，遥遥领先”尴尬😅,"['遥遥领先', '人来', '搭讪', '店里', '好多']","[0.257267028093338, 0.7427329421043396]"
